url,status,final_url,redirected,response_time,error
https://ydcleaning.com.au/,200,https://ydcleaning.com.au/,False,2.01,
https://ydcleaning.com.au/booking/,200,https://ydcleaning.com.au/booking/,False,1.32,
https://ydcleaning.com.au/contact/,200,https://ydcleaning.com.au/contact/,False,2.8,
https://ydcleaning.com.au/services/,200,https://ydcleaning.com.au/services/,False,2.71,
https://ydcleaning.com.au/services/bathroom-deep-cleaning-adelaide-adelaide-cbd/,200,https://ydcleaning.com.au/services/bathroom-deep-cleaning-adelaide-adelaide-cbd/,False,1.5,
https://ydcleaning.com.au/services/bathroom-deep-cleaning-adelaide-aldgate/,200,https://ydcleaning.com.au/services/bathroom-deep-cleaning-adelaide-aldgate/,False,1.61,
https://ydcleaning.com.au/services/bathroom-deep-cleaning-adelaide-aldinga/,200,https://ydcleaning.com.au/services/bathroom-deep-cleaning-adelaide-aldinga/,False,1.61,
https://ydcleaning.com.au/services/bathroom-deep-cleaning-adelaide-beaumont/,200,https://ydcleaning.com.au/services/bathroom-deep-cleaning-adelaide-beaumont/,False,1.7,
https://ydcleaning.com.au/services/bathroom-deep-cleaning-adelaide-bridgewater/,200,https://ydcleaning.com.au/services/bathroom-deep-cleaning-adelaide-bridgewater/,False,1.68,
https://ydcleaning.com.au/services/bathroom-deep-cleaning-adelaide-brighton/,200,https://ydcleaning.com.au/services/bathroom-deep-cleaning-adelaide-brighton/,False,1.71,
https://ydcleaning.com.au/services/bathroom-deep-cleaning-adelaide-burnside/,200,https://ydcleaning.com.au/services/bathroom-deep-cleaning-adelaide-burnside/,False,1.71,
https://ydcleaning.com.au/services/bathroom-deep-cleaning-adelaide-christies-beach/,200,https://ydcleaning.com.au/services/bathroom-deep-cleaning-adelaide-christies-beach/,False,1.71,
https://ydcleaning.com.au/services/bathroom-deep-cleaning-adelaide-clearview/,200,https://ydcleaning.com.au/services/bathroom-deep-cleaning-adelaide-clearview/,False,1.78,
https://ydcleaning.com.au/services/bathroom-deep-cleaning-adelaide-collinswood/,200,https://ydcleaning.com.au/services/bathroom-deep-cleaning-adelaide-collinswood/,False,1.69,
https://ydcleaning.com.au/services/bathroom-deep-cleaning-adelaide-dulwich/,200,https://ydcleaning.com.au/services/bathroom-deep-cleaning-adelaide-dulwich/,False,1.7,
https://ydcleaning.com.au/services/bathroom-deep-cleaning-adelaide-east-adelaide/,200,https://ydcleaning.com.au/services/bathroom-deep-cleaning-adelaide-east-adelaide/,False,1.7,
https://ydcleaning.com.au/services/bathroom-deep-cleaning-adelaide-enfield/,200,https://ydcleaning.com.au/services/bathroom-deep-cleaning-adelaide-enfield/,False,1.69,
https://ydcleaning.com.au/services/bathroom-deep-cleaning-adelaide-fairview-park/,200,https://ydcleaning.com.au/services/bathroom-deep-cleaning-adelaide-fairview-park/,False,1.68,
https://ydcleaning.com.au/services/bathroom-deep-cleaning-adelaide-findon/,200,https://ydcleaning.com.au/services/bathroom-deep-cleaning-adelaide-findon/,False,1.6,
https://ydcleaning.com.au/services/bathroom-deep-cleaning-adelaide-gawler/,200,https://ydcleaning.com.au/services/bathroom-deep-cleaning-adelaide-gawler/,False,1.51,
https://ydcleaning.com.au/services/bathroom-deep-cleaning-adelaide-gepps-cross/,200,https://ydcleaning.com.au/services/bathroom-deep-cleaning-adelaide-gepps-cross/,False,1.59,
https://ydcleaning.com.au/services/bathroom-deep-cleaning-adelaide-glenelg/,200,https://ydcleaning.com.au/services/bathroom-deep-cleaning-adelaide-glenelg/,False,1.6,
https://ydcleaning.com.au/services/bathroom-deep-cleaning-adelaide-golden-grove/,200,https://ydcleaning.com.au/services/bathroom-deep-cleaning-adelaide-golden-grove/,False,1.51,
https://ydcleaning.com.au/services/bathroom-deep-cleaning-adelaide-grange/,200,https://ydcleaning.com.au/services/bathroom-deep-cleaning-adelaide-grange/,False,1.59,
https://ydcleaning.com.au/services/bathroom-deep-cleaning-adelaide-greenacres/,200,https://ydcleaning.com.au/services/bathroom-deep-cleaning-adelaide-greenacres/,False,1.59,
https://ydcleaning.com.au/services/bathroom-deep-cleaning-adelaide-gumeracha/,200,https://ydcleaning.com.au/services/bathroom-deep-cleaning-adelaide-gumeracha/,False,1.51,
https://ydcleaning.com.au/services/bathroom-deep-cleaning-adelaide-hahndorf/,200,https://ydcleaning.com.au/services/bathroom-deep-cleaning-adelaide-hahndorf/,False,1.52,
https://ydcleaning.com.au/services/bathroom-deep-cleaning-adelaide-hallett-cove/,200,https://ydcleaning.com.au/services/bathroom-deep-cleaning-adelaide-hallett-cove/,False,1.54,
https://ydcleaning.com.au/services/bathroom-deep-cleaning-adelaide-henley-beach/,200,https://ydcleaning.com.au/services/bathroom-deep-cleaning-adelaide-henley-beach/,False,1.63,
https://ydcleaning.com.au/services/bathroom-deep-cleaning-adelaide-highbury/,200,https://ydcleaning.com.au/services/bathroom-deep-cleaning-adelaide-highbury/,False,1.69,
https://ydcleaning.com.au/services/bathroom-deep-cleaning-adelaide-holden-hill/,200,https://ydcleaning.com.au/services/bathroom-deep-cleaning-adelaide-holden-hill/,False,1.68,
https://ydcleaning.com.au/services/bathroom-deep-cleaning-adelaide-hyde-park/,200,https://ydcleaning.com.au/services/bathroom-deep-cleaning-adelaide-hyde-park/,False,1.69,
https://ydcleaning.com.au/services/bathroom-deep-cleaning-adelaide-kensington-gardens/,200,https://ydcleaning.com.au/services/bathroom-deep-cleaning-adelaide-kensington-gardens/,False,1.84,
https://ydcleaning.com.au/services/bathroom-deep-cleaning-adelaide-kensington/,200,https://ydcleaning.com.au/services/bathroom-deep-cleaning-adelaide-kensington/,False,1.8,
https://ydcleaning.com.au/services/bathroom-deep-cleaning-adelaide-kent-town/,200,https://ydcleaning.com.au/services/bathroom-deep-cleaning-adelaide-kent-town/,False,1.92,
https://ydcleaning.com.au/services/bathroom-deep-cleaning-adelaide-kidman-park/,200,https://ydcleaning.com.au/services/bathroom-deep-cleaning-adelaide-kidman-park/,False,1.97,
https://ydcleaning.com.au/services/bathroom-deep-cleaning-adelaide-kilburn/,200,https://ydcleaning.com.au/services/bathroom-deep-cleaning-adelaide-kilburn/,False,1.98,
https://ydcleaning.com.au/services/bathroom-deep-cleaning-adelaide-klemzig/,200,https://ydcleaning.com.au/services/bathroom-deep-cleaning-adelaide-klemzig/,False,1.98,
https://ydcleaning.com.au/services/bathroom-deep-cleaning-adelaide-largs-bay/,200,https://ydcleaning.com.au/services/bathroom-deep-cleaning-adelaide-largs-bay/,False,1.98,
https://ydcleaning.com.au/services/bathroom-deep-cleaning-adelaide-malvern/,200,https://ydcleaning.com.au/services/bathroom-deep-cleaning-adelaide-malvern/,False,2.19,
https://ydcleaning.com.au/services/bathroom-deep-cleaning-adelaide-marion/,200,https://ydcleaning.com.au/services/bathroom-deep-cleaning-adelaide-marion/,False,2.51,
https://ydcleaning.com.au/services/bathroom-deep-cleaning-adelaide-mawson-lakes/,200,https://ydcleaning.com.au/services/bathroom-deep-cleaning-adelaide-mawson-lakes/,False,2.6,
https://ydcleaning.com.au/services/bathroom-deep-cleaning-adelaide-modbury-heights/,200,https://ydcleaning.com.au/services/bathroom-deep-cleaning-adelaide-modbury-heights/,False,2.58,
https://ydcleaning.com.au/services/bathroom-deep-cleaning-adelaide-modbury/,200,https://ydcleaning.com.au/services/bathroom-deep-cleaning-adelaide-modbury/,False,2.6,
https://ydcleaning.com.au/services/bathroom-deep-cleaning-adelaide-morphett-vale/,200,https://ydcleaning.com.au/services/bathroom-deep-cleaning-adelaide-morphett-vale/,False,2.57,
https://ydcleaning.com.au/services/bathroom-deep-cleaning-adelaide-mount-barker/,200,https://ydcleaning.com.au/services/bathroom-deep-cleaning-adelaide-mount-barker/,False,2.6,
https://ydcleaning.com.au/services/bathroom-deep-cleaning-adelaide-murray-bridge/,200,https://ydcleaning.com.au/services/bathroom-deep-cleaning-adelaide-murray-bridge/,False,2.6,
https://ydcleaning.com.au/services/bathroom-deep-cleaning-adelaide-noarlunga/,200,https://ydcleaning.com.au/services/bathroom-deep-cleaning-adelaide-noarlunga/,False,2.59,
https://ydcleaning.com.au/services/bathroom-deep-cleaning-adelaide-north-adelaide/,200,https://ydcleaning.com.au/services/bathroom-deep-cleaning-adelaide-north-adelaide/,False,2.5,
https://ydcleaning.com.au/services/bathroom-deep-cleaning-adelaide-norwood/,200,https://ydcleaning.com.au/services/bathroom-deep-cleaning-adelaide-norwood/,False,2.3,
https://ydcleaning.com.au/services/bathroom-deep-cleaning-adelaide-oaklands-park/,200,https://ydcleaning.com.au/services/bathroom-deep-cleaning-adelaide-oaklands-park/,False,1.93,
https://ydcleaning.com.au/services/bathroom-deep-cleaning-adelaide-parafield-gardens/,200,https://ydcleaning.com.au/services/bathroom-deep-cleaning-adelaide-parafield-gardens/,False,1.83,
https://ydcleaning.com.au/services/bathroom-deep-cleaning-adelaide-parafield/,200,https://ydcleaning.com.au/services/bathroom-deep-cleaning-adelaide-parafield/,False,1.82,
https://ydcleaning.com.au/services/bathroom-deep-cleaning-adelaide-parkside/,200,https://ydcleaning.com.au/services/bathroom-deep-cleaning-adelaide-parkside/,False,1.81,
https://ydcleaning.com.au/services/bathroom-deep-cleaning-adelaide-pooraka/,200,https://ydcleaning.com.au/services/bathroom-deep-cleaning-adelaide-pooraka/,False,1.8,
https://ydcleaning.com.au/services/bathroom-deep-cleaning-adelaide-port-adelaide/,200,https://ydcleaning.com.au/services/bathroom-deep-cleaning-adelaide-port-adelaide/,False,1.8,
https://ydcleaning.com.au/services/bathroom-deep-cleaning-adelaide-prospect/,200,https://ydcleaning.com.au/services/bathroom-deep-cleaning-adelaide-prospect/,False,1.71,
https://ydcleaning.com.au/services/bathroom-deep-cleaning-adelaide-redwood-park/,200,https://ydcleaning.com.au/services/bathroom-deep-cleaning-adelaide-redwood-park/,False,1.71,
https://ydcleaning.com.au/services/bathroom-deep-cleaning-adelaide-ridgehaven/,200,https://ydcleaning.com.au/services/bathroom-deep-cleaning-adelaide-ridgehaven/,False,1.79,
https://ydcleaning.com.au/services/bathroom-deep-cleaning-adelaide-rose-park/,200,https://ydcleaning.com.au/services/bathroom-deep-cleaning-adelaide-rose-park/,False,1.7,
https://ydcleaning.com.au/services/bathroom-deep-cleaning-adelaide-royal-park/,200,https://ydcleaning.com.au/services/bathroom-deep-cleaning-adelaide-royal-park/,False,1.75,
https://ydcleaning.com.au/services/bathroom-deep-cleaning-adelaide-salisbury-east/,200,https://ydcleaning.com.au/services/bathroom-deep-cleaning-adelaide-salisbury-east/,False,1.67,
https://ydcleaning.com.au/services/bathroom-deep-cleaning-adelaide-salisbury/,200,https://ydcleaning.com.au/services/bathroom-deep-cleaning-adelaide-salisbury/,False,1.67,
https://ydcleaning.com.au/services/bathroom-deep-cleaning-adelaide-seacliff/,200,https://ydcleaning.com.au/services/bathroom-deep-cleaning-adelaide-seacliff/,False,1.68,
https://ydcleaning.com.au/services/bathroom-deep-cleaning-adelaide-sefton-park/,200,https://ydcleaning.com.au/services/bathroom-deep-cleaning-adelaide-sefton-park/,False,1.6,
https://ydcleaning.com.au/services/bathroom-deep-cleaning-adelaide-semaphore/,200,https://ydcleaning.com.au/services/bathroom-deep-cleaning-adelaide-semaphore/,False,1.6,
https://ydcleaning.com.au/services/bathroom-deep-cleaning-adelaide-south-adelaide/,200,https://ydcleaning.com.au/services/bathroom-deep-cleaning-adelaide-south-adelaide/,False,1.62,
https://ydcleaning.com.au/services/bathroom-deep-cleaning-adelaide-st-agnes/,200,https://ydcleaning.com.au/services/bathroom-deep-cleaning-adelaide-st-agnes/,False,1.5,
https://ydcleaning.com.au/services/bathroom-deep-cleaning-adelaide-stirling/,200,https://ydcleaning.com.au/services/bathroom-deep-cleaning-adelaide-stirling/,False,1.49,
https://ydcleaning.com.au/services/bathroom-deep-cleaning-adelaide-tea-tree-gully/,200,https://ydcleaning.com.au/services/bathroom-deep-cleaning-adelaide-tea-tree-gully/,False,1.5,
https://ydcleaning.com.au/services/bathroom-deep-cleaning-adelaide-toorak-gardens/,200,https://ydcleaning.com.au/services/bathroom-deep-cleaning-adelaide-toorak-gardens/,False,1.52,
https://ydcleaning.com.au/services/bathroom-deep-cleaning-adelaide-unley-park/,200,https://ydcleaning.com.au/services/bathroom-deep-cleaning-adelaide-unley-park/,False,1.6,
https://ydcleaning.com.au/services/bathroom-deep-cleaning-adelaide-unley/,200,https://ydcleaning.com.au/services/bathroom-deep-cleaning-adelaide-unley/,False,1.6,
https://ydcleaning.com.au/services/bathroom-deep-cleaning-adelaide-victor-harbor/,200,https://ydcleaning.com.au/services/bathroom-deep-cleaning-adelaide-victor-harbor/,False,1.57,
https://ydcleaning.com.au/services/bathroom-deep-cleaning-adelaide-vista/,200,https://ydcleaning.com.au/services/bathroom-deep-cleaning-adelaide-vista/,False,1.61,
https://ydcleaning.com.au/services/bathroom-deep-cleaning-adelaide-west-adelaide/,200,https://ydcleaning.com.au/services/bathroom-deep-cleaning-adelaide-west-adelaide/,False,1.6,
https://ydcleaning.com.au/services/bathroom-deep-cleaning-adelaide-west-beach/,200,https://ydcleaning.com.au/services/bathroom-deep-cleaning-adelaide-west-beach/,False,1.61,
https://ydcleaning.com.au/services/bathroom-deep-cleaning-adelaide/,200,https://ydcleaning.com.au/services/bathroom-deep-cleaning-adelaide/,False,2.92,
https://ydcleaning.com.au/services/bond-cleaning-adelaide-adelaide-cbd/,200,https://ydcleaning.com.au/services/bond-cleaning-adelaide-adelaide-cbd/,False,1.62,
https://ydcleaning.com.au/services/bond-cleaning-adelaide-aldgate/,200,https://ydcleaning.com.au/services/bond-cleaning-adelaide-aldgate/,False,1.64,
https://ydcleaning.com.au/services/bond-cleaning-adelaide-aldinga/,200,https://ydcleaning.com.au/services/bond-cleaning-adelaide-aldinga/,False,1.63,
https://ydcleaning.com.au/services/bond-cleaning-adelaide-beaumont/,200,https://ydcleaning.com.au/services/bond-cleaning-adelaide-beaumont/,False,1.61,
https://ydcleaning.com.au/services/bond-cleaning-adelaide-bridgewater/,200,https://ydcleaning.com.au/services/bond-cleaning-adelaide-bridgewater/,False,1.53,
https://ydcleaning.com.au/services/bond-cleaning-adelaide-brighton/,200,https://ydcleaning.com.au/services/bond-cleaning-adelaide-brighton/,False,1.54,
https://ydcleaning.com.au/services/bond-cleaning-adelaide-burnside/,200,https://ydcleaning.com.au/services/bond-cleaning-adelaide-burnside/,False,1.53,
https://ydcleaning.com.au/services/bond-cleaning-adelaide-christies-beach/,200,https://ydcleaning.com.au/services/bond-cleaning-adelaide-christies-beach/,False,1.51,
https://ydcleaning.com.au/services/bond-cleaning-adelaide-clearview/,200,https://ydcleaning.com.au/services/bond-cleaning-adelaide-clearview/,False,1.43,
https://ydcleaning.com.au/services/bond-cleaning-adelaide-collinswood/,200,https://ydcleaning.com.au/services/bond-cleaning-adelaide-collinswood/,False,1.49,
https://ydcleaning.com.au/services/bond-cleaning-adelaide-dulwich/,200,https://ydcleaning.com.au/services/bond-cleaning-adelaide-dulwich/,False,1.6,
https://ydcleaning.com.au/services/bond-cleaning-adelaide-east-adelaide/,200,https://ydcleaning.com.au/services/bond-cleaning-adelaide-east-adelaide/,False,1.59,
https://ydcleaning.com.au/services/bond-cleaning-adelaide-enfield/,200,https://ydcleaning.com.au/services/bond-cleaning-adelaide-enfield/,False,1.69,
https://ydcleaning.com.au/services/bond-cleaning-adelaide-fairview-park/,200,https://ydcleaning.com.au/services/bond-cleaning-adelaide-fairview-park/,False,1.63,
https://ydcleaning.com.au/services/bond-cleaning-adelaide-findon/,200,https://ydcleaning.com.au/services/bond-cleaning-adelaide-findon/,False,1.68,
https://ydcleaning.com.au/services/bond-cleaning-adelaide-gawler/,200,https://ydcleaning.com.au/services/bond-cleaning-adelaide-gawler/,False,1.55,
https://ydcleaning.com.au/services/bond-cleaning-adelaide-gepps-cross/,200,https://ydcleaning.com.au/services/bond-cleaning-adelaide-gepps-cross/,False,1.59,
https://ydcleaning.com.au/services/bond-cleaning-adelaide-glenelg/,200,https://ydcleaning.com.au/services/bond-cleaning-adelaide-glenelg/,False,1.67,
https://ydcleaning.com.au/services/bond-cleaning-adelaide-golden-grove/,200,https://ydcleaning.com.au/services/bond-cleaning-adelaide-golden-grove/,False,1.97,
https://ydcleaning.com.au/services/bond-cleaning-adelaide-grange/,200,https://ydcleaning.com.au/services/bond-cleaning-adelaide-grange/,False,2.09,
https://ydcleaning.com.au/services/bond-cleaning-adelaide-greenacres/,200,https://ydcleaning.com.au/services/bond-cleaning-adelaide-greenacres/,False,2.0,
https://ydcleaning.com.au/services/bond-cleaning-adelaide-gumeracha/,200,https://ydcleaning.com.au/services/bond-cleaning-adelaide-gumeracha/,False,1.99,
https://ydcleaning.com.au/services/bond-cleaning-adelaide-hahndorf/,200,https://ydcleaning.com.au/services/bond-cleaning-adelaide-hahndorf/,False,1.97,
https://ydcleaning.com.au/services/bond-cleaning-adelaide-hallett-cove/,200,https://ydcleaning.com.au/services/bond-cleaning-adelaide-hallett-cove/,False,2.04,
https://ydcleaning.com.au/services/bond-cleaning-adelaide-henley-beach/,200,https://ydcleaning.com.au/services/bond-cleaning-adelaide-henley-beach/,False,2.0,
https://ydcleaning.com.au/services/bond-cleaning-adelaide-highbury/,200,https://ydcleaning.com.au/services/bond-cleaning-adelaide-highbury/,False,2.01,
https://ydcleaning.com.au/services/bond-cleaning-adelaide-holden-hill/,200,https://ydcleaning.com.au/services/bond-cleaning-adelaide-holden-hill/,False,2.01,
https://ydcleaning.com.au/services/bond-cleaning-adelaide-hyde-park/,200,https://ydcleaning.com.au/services/bond-cleaning-adelaide-hyde-park/,False,1.93,
https://ydcleaning.com.au/services/bond-cleaning-adelaide-kensington-gardens/,200,https://ydcleaning.com.au/services/bond-cleaning-adelaide-kensington-gardens/,False,1.62,
https://ydcleaning.com.au/services/bond-cleaning-adelaide-kensington/,200,https://ydcleaning.com.au/services/bond-cleaning-adelaide-kensington/,False,1.72,
https://ydcleaning.com.au/services/bond-cleaning-adelaide-kent-town/,200,https://ydcleaning.com.au/services/bond-cleaning-adelaide-kent-town/,False,1.67,
https://ydcleaning.com.au/services/bond-cleaning-adelaide-kidman-park/,200,https://ydcleaning.com.au/services/bond-cleaning-adelaide-kidman-park/,False,1.69,
https://ydcleaning.com.au/services/bond-cleaning-adelaide-kilburn/,200,https://ydcleaning.com.au/services/bond-cleaning-adelaide-kilburn/,False,1.7,
https://ydcleaning.com.au/services/bond-cleaning-adelaide-klemzig/,200,https://ydcleaning.com.au/services/bond-cleaning-adelaide-klemzig/,False,1.71,
https://ydcleaning.com.au/services/bond-cleaning-adelaide-largs-bay/,200,https://ydcleaning.com.au/services/bond-cleaning-adelaide-largs-bay/,False,1.79,
https://ydcleaning.com.au/services/bond-cleaning-adelaide-malvern/,200,https://ydcleaning.com.au/services/bond-cleaning-adelaide-malvern/,False,1.82,
https://ydcleaning.com.au/services/bond-cleaning-adelaide-marion/,200,https://ydcleaning.com.au/services/bond-cleaning-adelaide-marion/,False,1.86,
https://ydcleaning.com.au/services/bond-cleaning-adelaide-mawson-lakes/,200,https://ydcleaning.com.au/services/bond-cleaning-adelaide-mawson-lakes/,False,1.91,
https://ydcleaning.com.au/services/bond-cleaning-adelaide-modbury-heights/,200,https://ydcleaning.com.au/services/bond-cleaning-adelaide-modbury-heights/,False,1.89,
https://ydcleaning.com.au/services/bond-cleaning-adelaide-modbury/,200,https://ydcleaning.com.au/services/bond-cleaning-adelaide-modbury/,False,1.92,
https://ydcleaning.com.au/services/bond-cleaning-adelaide-morphett-vale/,200,https://ydcleaning.com.au/services/bond-cleaning-adelaide-morphett-vale/,False,1.93,
https://ydcleaning.com.au/services/bond-cleaning-adelaide-mount-barker/,200,https://ydcleaning.com.au/services/bond-cleaning-adelaide-mount-barker/,False,1.91,
https://ydcleaning.com.au/services/bond-cleaning-adelaide-murray-bridge/,200,https://ydcleaning.com.au/services/bond-cleaning-adelaide-murray-bridge/,False,1.87,
https://ydcleaning.com.au/services/bond-cleaning-adelaide-noarlunga/,200,https://ydcleaning.com.au/services/bond-cleaning-adelaide-noarlunga/,False,1.87,
https://ydcleaning.com.au/services/bond-cleaning-adelaide-north-adelaide/,200,https://ydcleaning.com.au/services/bond-cleaning-adelaide-north-adelaide/,False,1.83,
https://ydcleaning.com.au/services/bond-cleaning-adelaide-norwood/,200,https://ydcleaning.com.au/services/bond-cleaning-adelaide-norwood/,False,1.99,
https://ydcleaning.com.au/services/bond-cleaning-adelaide-oaklands-park/,200,https://ydcleaning.com.au/services/bond-cleaning-adelaide-oaklands-park/,False,1.98,
https://ydcleaning.com.au/services/bond-cleaning-adelaide-parafield-gardens/,200,https://ydcleaning.com.au/services/bond-cleaning-adelaide-parafield-gardens/,False,2.0,
https://ydcleaning.com.au/services/bond-cleaning-adelaide-parafield/,200,https://ydcleaning.com.au/services/bond-cleaning-adelaide-parafield/,False,2.0,
https://ydcleaning.com.au/services/bond-cleaning-adelaide-parkside/,200,https://ydcleaning.com.au/services/bond-cleaning-adelaide-parkside/,False,2.0,
https://ydcleaning.com.au/services/bond-cleaning-adelaide-pooraka/,200,https://ydcleaning.com.au/services/bond-cleaning-adelaide-pooraka/,False,1.99,
https://ydcleaning.com.au/services/bond-cleaning-adelaide-port-adelaide/,200,https://ydcleaning.com.au/services/bond-cleaning-adelaide-port-adelaide/,False,2.01,
https://ydcleaning.com.au/services/bond-cleaning-adelaide-prospect/,200,https://ydcleaning.com.au/services/bond-cleaning-adelaide-prospect/,False,2.04,
https://ydcleaning.com.au/services/bond-cleaning-adelaide-redwood-park/,200,https://ydcleaning.com.au/services/bond-cleaning-adelaide-redwood-park/,False,2.04,
https://ydcleaning.com.au/services/bond-cleaning-adelaide-ridgehaven/,200,https://ydcleaning.com.au/services/bond-cleaning-adelaide-ridgehaven/,False,2.05,
https://ydcleaning.com.au/services/bond-cleaning-adelaide-rose-park/,200,https://ydcleaning.com.au/services/bond-cleaning-adelaide-rose-park/,False,2.05,
https://ydcleaning.com.au/services/bond-cleaning-adelaide-royal-park/,200,https://ydcleaning.com.au/services/bond-cleaning-adelaide-royal-park/,False,1.9,
https://ydcleaning.com.au/services/bond-cleaning-adelaide-salisbury-east/,200,https://ydcleaning.com.au/services/bond-cleaning-adelaide-salisbury-east/,False,1.92,
https://ydcleaning.com.au/services/bond-cleaning-adelaide-salisbury/,200,https://ydcleaning.com.au/services/bond-cleaning-adelaide-salisbury/,False,1.92,
https://ydcleaning.com.au/services/bond-cleaning-adelaide-seacliff/,200,https://ydcleaning.com.au/services/bond-cleaning-adelaide-seacliff/,False,1.92,
https://ydcleaning.com.au/services/bond-cleaning-adelaide-sefton-park/,200,https://ydcleaning.com.au/services/bond-cleaning-adelaide-sefton-park/,False,1.91,
https://ydcleaning.com.au/services/bond-cleaning-adelaide-semaphore/,200,https://ydcleaning.com.au/services/bond-cleaning-adelaide-semaphore/,False,1.89,
https://ydcleaning.com.au/services/bond-cleaning-adelaide-south-adelaide/,200,https://ydcleaning.com.au/services/bond-cleaning-adelaide-south-adelaide/,False,1.9,
https://ydcleaning.com.au/services/bond-cleaning-adelaide-st-agnes/,200,https://ydcleaning.com.au/services/bond-cleaning-adelaide-st-agnes/,False,1.87,
https://ydcleaning.com.au/services/bond-cleaning-adelaide-stirling/,200,https://ydcleaning.com.au/services/bond-cleaning-adelaide-stirling/,False,2.01,
https://ydcleaning.com.au/services/bond-cleaning-adelaide-tea-tree-gully/,200,https://ydcleaning.com.au/services/bond-cleaning-adelaide-tea-tree-gully/,False,1.88,
https://ydcleaning.com.au/services/bond-cleaning-adelaide-toorak-gardens/,200,https://ydcleaning.com.au/services/bond-cleaning-adelaide-toorak-gardens/,False,1.98,
https://ydcleaning.com.au/services/bond-cleaning-adelaide-unley-park/,200,https://ydcleaning.com.au/services/bond-cleaning-adelaide-unley-park/,False,1.96,
https://ydcleaning.com.au/services/bond-cleaning-adelaide-unley/,200,https://ydcleaning.com.au/services/bond-cleaning-adelaide-unley/,False,1.96,
https://ydcleaning.com.au/services/bond-cleaning-adelaide-victor-harbor/,200,https://ydcleaning.com.au/services/bond-cleaning-adelaide-victor-harbor/,False,1.95,
https://ydcleaning.com.au/services/bond-cleaning-adelaide-vista/,200,https://ydcleaning.com.au/services/bond-cleaning-adelaide-vista/,False,2.16,
https://ydcleaning.com.au/services/bond-cleaning-adelaide-west-adelaide/,200,https://ydcleaning.com.au/services/bond-cleaning-adelaide-west-adelaide/,False,2.3,
https://ydcleaning.com.au/services/bond-cleaning-adelaide-west-beach/,200,https://ydcleaning.com.au/services/bond-cleaning-adelaide-west-beach/,False,2.31,
https://ydcleaning.com.au/services/bond-cleaning-adelaide/,200,https://ydcleaning.com.au/services/bond-cleaning-adelaide/,False,3.2,
https://ydcleaning.com.au/services/builders-cleaning-adelaide-adelaide-cbd/,200,https://ydcleaning.com.au/services/builders-cleaning-adelaide-adelaide-cbd/,False,2.38,
https://ydcleaning.com.au/services/builders-cleaning-adelaide-aldgate/,200,https://ydcleaning.com.au/services/builders-cleaning-adelaide-aldgate/,False,2.35,
https://ydcleaning.com.au/services/builders-cleaning-adelaide-aldinga/,200,https://ydcleaning.com.au/services/builders-cleaning-adelaide-aldinga/,False,2.4,
https://ydcleaning.com.au/services/builders-cleaning-adelaide-beaumont/,200,https://ydcleaning.com.au/services/builders-cleaning-adelaide-beaumont/,False,2.39,
https://ydcleaning.com.au/services/builders-cleaning-adelaide-bridgewater/,200,https://ydcleaning.com.au/services/builders-cleaning-adelaide-bridgewater/,False,2.4,
https://ydcleaning.com.au/services/builders-cleaning-adelaide-brighton/,200,https://ydcleaning.com.au/services/builders-cleaning-adelaide-brighton/,False,2.39,
https://ydcleaning.com.au/services/builders-cleaning-adelaide-burnside/,200,https://ydcleaning.com.au/services/builders-cleaning-adelaide-burnside/,False,2.31,
https://ydcleaning.com.au/services/builders-cleaning-adelaide-christies-beach/,200,https://ydcleaning.com.au/services/builders-cleaning-adelaide-christies-beach/,False,2.12,
https://ydcleaning.com.au/services/builders-cleaning-adelaide-clearview/,200,https://ydcleaning.com.au/services/builders-cleaning-adelaide-clearview/,False,1.99,
https://ydcleaning.com.au/services/builders-cleaning-adelaide-collinswood/,200,https://ydcleaning.com.au/services/builders-cleaning-adelaide-collinswood/,False,1.99,
https://ydcleaning.com.au/services/builders-cleaning-adelaide-dulwich/,200,https://ydcleaning.com.au/services/builders-cleaning-adelaide-dulwich/,False,1.92,
https://ydcleaning.com.au/services/builders-cleaning-adelaide-east-adelaide/,200,https://ydcleaning.com.au/services/builders-cleaning-adelaide-east-adelaide/,False,1.84,
https://ydcleaning.com.au/services/builders-cleaning-adelaide-enfield/,200,https://ydcleaning.com.au/services/builders-cleaning-adelaide-enfield/,False,1.79,
https://ydcleaning.com.au/services/builders-cleaning-adelaide-fairview-park/,200,https://ydcleaning.com.au/services/builders-cleaning-adelaide-fairview-park/,False,1.8,
https://ydcleaning.com.au/services/builders-cleaning-adelaide-findon/,200,https://ydcleaning.com.au/services/builders-cleaning-adelaide-findon/,False,1.78,
https://ydcleaning.com.au/services/builders-cleaning-adelaide-gawler/,200,https://ydcleaning.com.au/services/builders-cleaning-adelaide-gawler/,False,1.84,
https://ydcleaning.com.au/services/builders-cleaning-adelaide-gepps-cross/,200,https://ydcleaning.com.au/services/builders-cleaning-adelaide-gepps-cross/,False,1.9,
https://ydcleaning.com.au/services/builders-cleaning-adelaide-glenelg/,200,https://ydcleaning.com.au/services/builders-cleaning-adelaide-glenelg/,False,1.87,
https://ydcleaning.com.au/services/builders-cleaning-adelaide-golden-grove/,200,https://ydcleaning.com.au/services/builders-cleaning-adelaide-golden-grove/,False,1.8,
https://ydcleaning.com.au/services/builders-cleaning-adelaide-grange/,200,https://ydcleaning.com.au/services/builders-cleaning-adelaide-grange/,False,1.8,
https://ydcleaning.com.au/services/builders-cleaning-adelaide-greenacres/,200,https://ydcleaning.com.au/services/builders-cleaning-adelaide-greenacres/,False,1.84,
https://ydcleaning.com.au/services/builders-cleaning-adelaide-gumeracha/,200,https://ydcleaning.com.au/services/builders-cleaning-adelaide-gumeracha/,False,1.84,
https://ydcleaning.com.au/services/builders-cleaning-adelaide-hahndorf/,200,https://ydcleaning.com.au/services/builders-cleaning-adelaide-hahndorf/,False,2.29,
https://ydcleaning.com.au/services/builders-cleaning-adelaide-hallett-cove/,200,https://ydcleaning.com.au/services/builders-cleaning-adelaide-hallett-cove/,False,2.68,
https://ydcleaning.com.au/services/builders-cleaning-adelaide-henley-beach/,200,https://ydcleaning.com.au/services/builders-cleaning-adelaide-henley-beach/,False,3.32,
https://ydcleaning.com.au/services/builders-cleaning-adelaide-highbury/,200,https://ydcleaning.com.au/services/builders-cleaning-adelaide-highbury/,False,3.53,
https://ydcleaning.com.au/services/builders-cleaning-adelaide-holden-hill/,200,https://ydcleaning.com.au/services/builders-cleaning-adelaide-holden-hill/,False,3.67,
https://ydcleaning.com.au/services/builders-cleaning-adelaide-hyde-park/,200,https://ydcleaning.com.au/services/builders-cleaning-adelaide-hyde-park/,False,3.8,
https://ydcleaning.com.au/services/builders-cleaning-adelaide-kensington-gardens/,200,https://ydcleaning.com.au/services/builders-cleaning-adelaide-kensington-gardens/,False,4.17,
https://ydcleaning.com.au/services/builders-cleaning-adelaide-kensington/,200,https://ydcleaning.com.au/services/builders-cleaning-adelaide-kensington/,False,4.07,
https://ydcleaning.com.au/services/builders-cleaning-adelaide-kent-town/,200,https://ydcleaning.com.au/services/builders-cleaning-adelaide-kent-town/,False,4.17,
https://ydcleaning.com.au/services/builders-cleaning-adelaide-kidman-park/,200,https://ydcleaning.com.au/services/builders-cleaning-adelaide-kidman-park/,False,4.15,
https://ydcleaning.com.au/services/builders-cleaning-adelaide-kilburn/,200,https://ydcleaning.com.au/services/builders-cleaning-adelaide-kilburn/,False,3.75,
https://ydcleaning.com.au/services/builders-cleaning-adelaide-klemzig/,200,https://ydcleaning.com.au/services/builders-cleaning-adelaide-klemzig/,False,3.31,
https://ydcleaning.com.au/services/builders-cleaning-adelaide-largs-bay/,200,https://ydcleaning.com.au/services/builders-cleaning-adelaide-largs-bay/,False,2.72,
https://ydcleaning.com.au/services/builders-cleaning-adelaide-malvern/,200,https://ydcleaning.com.au/services/builders-cleaning-adelaide-malvern/,False,2.6,
https://ydcleaning.com.au/services/builders-cleaning-adelaide-marion/,200,https://ydcleaning.com.au/services/builders-cleaning-adelaide-marion/,False,2.62,
https://ydcleaning.com.au/services/builders-cleaning-adelaide-mawson-lakes/,200,https://ydcleaning.com.au/services/builders-cleaning-adelaide-mawson-lakes/,False,2.8,
https://ydcleaning.com.au/services/builders-cleaning-adelaide-modbury-heights/,200,https://ydcleaning.com.au/services/builders-cleaning-adelaide-modbury-heights/,False,2.5,
https://ydcleaning.com.au/services/builders-cleaning-adelaide-modbury/,200,https://ydcleaning.com.au/services/builders-cleaning-adelaide-modbury/,False,2.6,
https://ydcleaning.com.au/services/builders-cleaning-adelaide-morphett-vale/,200,https://ydcleaning.com.au/services/builders-cleaning-adelaide-morphett-vale/,False,2.41,
https://ydcleaning.com.au/services/builders-cleaning-adelaide-mount-barker/,200,https://ydcleaning.com.au/services/builders-cleaning-adelaide-mount-barker/,False,2.41,
https://ydcleaning.com.au/services/builders-cleaning-adelaide-murray-bridge/,200,https://ydcleaning.com.au/services/builders-cleaning-adelaide-murray-bridge/,False,2.41,
https://ydcleaning.com.au/services/builders-cleaning-adelaide-noarlunga/,200,https://ydcleaning.com.au/services/builders-cleaning-adelaide-noarlunga/,False,2.49,
https://ydcleaning.com.au/services/builders-cleaning-adelaide-north-adelaide/,200,https://ydcleaning.com.au/services/builders-cleaning-adelaide-north-adelaide/,False,2.46,
https://ydcleaning.com.au/services/builders-cleaning-adelaide-norwood/,200,https://ydcleaning.com.au/services/builders-cleaning-adelaide-norwood/,False,2.41,
https://ydcleaning.com.au/services/builders-cleaning-adelaide-oaklands-park/,200,https://ydcleaning.com.au/services/builders-cleaning-adelaide-oaklands-park/,False,2.21,
https://ydcleaning.com.au/services/builders-cleaning-adelaide-parafield-gardens/,200,https://ydcleaning.com.au/services/builders-cleaning-adelaide-parafield-gardens/,False,1.9,
https://ydcleaning.com.au/services/builders-cleaning-adelaide-parafield/,200,https://ydcleaning.com.au/services/builders-cleaning-adelaide-parafield/,False,1.89,
https://ydcleaning.com.au/services/builders-cleaning-adelaide-parkside/,200,https://ydcleaning.com.au/services/builders-cleaning-adelaide-parkside/,False,1.89,
https://ydcleaning.com.au/services/builders-cleaning-adelaide-pooraka/,200,https://ydcleaning.com.au/services/builders-cleaning-adelaide-pooraka/,False,1.89,
https://ydcleaning.com.au/services/builders-cleaning-adelaide-port-adelaide/,200,https://ydcleaning.com.au/services/builders-cleaning-adelaide-port-adelaide/,False,1.9,
https://ydcleaning.com.au/services/builders-cleaning-adelaide-prospect/,200,https://ydcleaning.com.au/services/builders-cleaning-adelaide-prospect/,False,1.95,
https://ydcleaning.com.au/services/builders-cleaning-adelaide-redwood-park/,200,https://ydcleaning.com.au/services/builders-cleaning-adelaide-redwood-park/,False,1.9,
https://ydcleaning.com.au/services/builders-cleaning-adelaide-ridgehaven/,200,https://ydcleaning.com.au/services/builders-cleaning-adelaide-ridgehaven/,False,1.91,
https://ydcleaning.com.au/services/builders-cleaning-adelaide-rose-park/,200,https://ydcleaning.com.au/services/builders-cleaning-adelaide-rose-park/,False,1.8,
https://ydcleaning.com.au/services/builders-cleaning-adelaide-royal-park/,200,https://ydcleaning.com.au/services/builders-cleaning-adelaide-royal-park/,False,1.87,
https://ydcleaning.com.au/services/builders-cleaning-adelaide-salisbury-east/,200,https://ydcleaning.com.au/services/builders-cleaning-adelaide-salisbury-east/,False,1.9,
https://ydcleaning.com.au/services/builders-cleaning-adelaide-salisbury/,200,https://ydcleaning.com.au/services/builders-cleaning-adelaide-salisbury/,False,1.95,
https://ydcleaning.com.au/services/builders-cleaning-adelaide-seacliff/,200,https://ydcleaning.com.au/services/builders-cleaning-adelaide-seacliff/,False,1.82,
https://ydcleaning.com.au/services/builders-cleaning-adelaide-sefton-park/,200,https://ydcleaning.com.au/services/builders-cleaning-adelaide-sefton-park/,False,1.91,
https://ydcleaning.com.au/services/builders-cleaning-adelaide-semaphore/,200,https://ydcleaning.com.au/services/builders-cleaning-adelaide-semaphore/,False,1.89,
https://ydcleaning.com.au/services/builders-cleaning-adelaide-south-adelaide/,200,https://ydcleaning.com.au/services/builders-cleaning-adelaide-south-adelaide/,False,1.85,
https://ydcleaning.com.au/services/builders-cleaning-adelaide-st-agnes/,200,https://ydcleaning.com.au/services/builders-cleaning-adelaide-st-agnes/,False,1.88,
https://ydcleaning.com.au/services/builders-cleaning-adelaide-stirling/,200,https://ydcleaning.com.au/services/builders-cleaning-adelaide-stirling/,False,1.81,
https://ydcleaning.com.au/services/builders-cleaning-adelaide-tea-tree-gully/,200,https://ydcleaning.com.au/services/builders-cleaning-adelaide-tea-tree-gully/,False,1.84,
https://ydcleaning.com.au/services/builders-cleaning-adelaide-toorak-gardens/,200,https://ydcleaning.com.au/services/builders-cleaning-adelaide-toorak-gardens/,False,1.84,
https://ydcleaning.com.au/services/builders-cleaning-adelaide-unley-park/,200,https://ydcleaning.com.au/services/builders-cleaning-adelaide-unley-park/,False,1.8,
https://ydcleaning.com.au/services/builders-cleaning-adelaide-unley/,200,https://ydcleaning.com.au/services/builders-cleaning-adelaide-unley/,False,1.81,
https://ydcleaning.com.au/services/builders-cleaning-adelaide-victor-harbor/,200,https://ydcleaning.com.au/services/builders-cleaning-adelaide-victor-harbor/,False,1.88,
https://ydcleaning.com.au/services/builders-cleaning-adelaide-vista/,200,https://ydcleaning.com.au/services/builders-cleaning-adelaide-vista/,False,1.89,
https://ydcleaning.com.au/services/builders-cleaning-adelaide-west-adelaide/,200,https://ydcleaning.com.au/services/builders-cleaning-adelaide-west-adelaide/,False,1.92,
https://ydcleaning.com.au/services/builders-cleaning-adelaide-west-beach/,200,https://ydcleaning.com.au/services/builders-cleaning-adelaide-west-beach/,False,1.9,
https://ydcleaning.com.au/services/builders-cleaning-adelaide/,200,https://ydcleaning.com.au/services/builders-cleaning-adelaide/,False,2.45,
https://ydcleaning.com.au/services/carpet-steam-cleaning-adelaide-adelaide-cbd/,200,https://ydcleaning.com.au/services/carpet-steam-cleaning-adelaide-adelaide-cbd/,False,1.82,
https://ydcleaning.com.au/services/carpet-steam-cleaning-adelaide-aldgate/,200,https://ydcleaning.com.au/services/carpet-steam-cleaning-adelaide-aldgate/,False,1.95,
https://ydcleaning.com.au/services/carpet-steam-cleaning-adelaide-aldinga/,200,https://ydcleaning.com.au/services/carpet-steam-cleaning-adelaide-aldinga/,False,1.92,
https://ydcleaning.com.au/services/carpet-steam-cleaning-adelaide-beaumont/,200,https://ydcleaning.com.au/services/carpet-steam-cleaning-adelaide-beaumont/,False,1.84,
https://ydcleaning.com.au/services/carpet-steam-cleaning-adelaide-bridgewater/,200,https://ydcleaning.com.au/services/carpet-steam-cleaning-adelaide-bridgewater/,False,1.87,
https://ydcleaning.com.au/services/carpet-steam-cleaning-adelaide-brighton/,200,https://ydcleaning.com.au/services/carpet-steam-cleaning-adelaide-brighton/,False,1.92,
https://ydcleaning.com.au/services/carpet-steam-cleaning-adelaide-burnside/,200,https://ydcleaning.com.au/services/carpet-steam-cleaning-adelaide-burnside/,False,1.95,
https://ydcleaning.com.au/services/carpet-steam-cleaning-adelaide-christies-beach/,200,https://ydcleaning.com.au/services/carpet-steam-cleaning-adelaide-christies-beach/,False,1.97,
https://ydcleaning.com.au/services/carpet-steam-cleaning-adelaide-clearview/,200,https://ydcleaning.com.au/services/carpet-steam-cleaning-adelaide-clearview/,False,2.01,
https://ydcleaning.com.au/services/carpet-steam-cleaning-adelaide-collinswood/,200,https://ydcleaning.com.au/services/carpet-steam-cleaning-adelaide-collinswood/,False,2.01,
https://ydcleaning.com.au/services/carpet-steam-cleaning-adelaide-dulwich/,200,https://ydcleaning.com.au/services/carpet-steam-cleaning-adelaide-dulwich/,False,2.12,
https://ydcleaning.com.au/services/carpet-steam-cleaning-adelaide-east-adelaide/,200,https://ydcleaning.com.au/services/carpet-steam-cleaning-adelaide-east-adelaide/,False,2.1,
https://ydcleaning.com.au/services/carpet-steam-cleaning-adelaide-enfield/,200,https://ydcleaning.com.au/services/carpet-steam-cleaning-adelaide-enfield/,False,2.33,
https://ydcleaning.com.au/services/carpet-steam-cleaning-adelaide-fairview-park/,200,https://ydcleaning.com.au/services/carpet-steam-cleaning-adelaide-fairview-park/,False,2.8,
https://ydcleaning.com.au/services/carpet-steam-cleaning-adelaide-findon/,200,https://ydcleaning.com.au/services/carpet-steam-cleaning-adelaide-findon/,False,2.57,
https://ydcleaning.com.au/services/carpet-steam-cleaning-adelaide-gawler/,200,https://ydcleaning.com.au/services/carpet-steam-cleaning-adelaide-gawler/,False,2.57,
https://ydcleaning.com.au/services/carpet-steam-cleaning-adelaide-gepps-cross/,200,https://ydcleaning.com.au/services/carpet-steam-cleaning-adelaide-gepps-cross/,False,2.54,
https://ydcleaning.com.au/services/carpet-steam-cleaning-adelaide-glenelg/,200,https://ydcleaning.com.au/services/carpet-steam-cleaning-adelaide-glenelg/,False,2.5,
https://ydcleaning.com.au/services/carpet-steam-cleaning-adelaide-golden-grove/,200,https://ydcleaning.com.au/services/carpet-steam-cleaning-adelaide-golden-grove/,False,2.47,
https://ydcleaning.com.au/services/carpet-steam-cleaning-adelaide-grange/,200,https://ydcleaning.com.au/services/carpet-steam-cleaning-adelaide-grange/,False,2.48,
https://ydcleaning.com.au/services/carpet-steam-cleaning-adelaide-greenacres/,200,https://ydcleaning.com.au/services/carpet-steam-cleaning-adelaide-greenacres/,False,2.39,
https://ydcleaning.com.au/services/carpet-steam-cleaning-adelaide-gumeracha/,200,https://ydcleaning.com.au/services/carpet-steam-cleaning-adelaide-gumeracha/,False,2.31,
https://ydcleaning.com.au/services/carpet-steam-cleaning-adelaide-hahndorf/,200,https://ydcleaning.com.au/services/carpet-steam-cleaning-adelaide-hahndorf/,False,2.12,
https://ydcleaning.com.au/services/carpet-steam-cleaning-adelaide-hallett-cove/,200,https://ydcleaning.com.au/services/carpet-steam-cleaning-adelaide-hallett-cove/,False,1.91,
https://ydcleaning.com.au/services/carpet-steam-cleaning-adelaide-henley-beach/,200,https://ydcleaning.com.au/services/carpet-steam-cleaning-adelaide-henley-beach/,False,1.71,
https://ydcleaning.com.au/services/carpet-steam-cleaning-adelaide-highbury/,200,https://ydcleaning.com.au/services/carpet-steam-cleaning-adelaide-highbury/,False,1.8,
https://ydcleaning.com.au/services/carpet-steam-cleaning-adelaide-holden-hill/,200,https://ydcleaning.com.au/services/carpet-steam-cleaning-adelaide-holden-hill/,False,1.79,
https://ydcleaning.com.au/services/carpet-steam-cleaning-adelaide-hyde-park/,200,https://ydcleaning.com.au/services/carpet-steam-cleaning-adelaide-hyde-park/,False,1.8,
https://ydcleaning.com.au/services/carpet-steam-cleaning-adelaide-kensington-gardens/,200,https://ydcleaning.com.au/services/carpet-steam-cleaning-adelaide-kensington-gardens/,False,1.69,
https://ydcleaning.com.au/services/carpet-steam-cleaning-adelaide-kensington/,200,https://ydcleaning.com.au/services/carpet-steam-cleaning-adelaide-kensington/,False,1.71,
https://ydcleaning.com.au/services/carpet-steam-cleaning-adelaide-kent-town/,200,https://ydcleaning.com.au/services/carpet-steam-cleaning-adelaide-kent-town/,False,1.69,
https://ydcleaning.com.au/services/carpet-steam-cleaning-adelaide-kidman-park/,200,https://ydcleaning.com.au/services/carpet-steam-cleaning-adelaide-kidman-park/,False,1.7,
https://ydcleaning.com.au/services/carpet-steam-cleaning-adelaide-kilburn/,200,https://ydcleaning.com.au/services/carpet-steam-cleaning-adelaide-kilburn/,False,1.68,
https://ydcleaning.com.au/services/carpet-steam-cleaning-adelaide-klemzig/,200,https://ydcleaning.com.au/services/carpet-steam-cleaning-adelaide-klemzig/,False,1.68,
https://ydcleaning.com.au/services/carpet-steam-cleaning-adelaide-largs-bay/,200,https://ydcleaning.com.au/services/carpet-steam-cleaning-adelaide-largs-bay/,False,1.69,
https://ydcleaning.com.au/services/carpet-steam-cleaning-adelaide-malvern/,200,https://ydcleaning.com.au/services/carpet-steam-cleaning-adelaide-malvern/,False,1.8,
https://ydcleaning.com.au/services/carpet-steam-cleaning-adelaide-marion/,200,https://ydcleaning.com.au/services/carpet-steam-cleaning-adelaide-marion/,False,1.71,
https://ydcleaning.com.au/services/carpet-steam-cleaning-adelaide-mawson-lakes/,200,https://ydcleaning.com.au/services/carpet-steam-cleaning-adelaide-mawson-lakes/,False,1.69,
https://ydcleaning.com.au/services/carpet-steam-cleaning-adelaide-modbury-heights/,200,https://ydcleaning.com.au/services/carpet-steam-cleaning-adelaide-modbury-heights/,False,1.71,
https://ydcleaning.com.au/services/carpet-steam-cleaning-adelaide-modbury/,200,https://ydcleaning.com.au/services/carpet-steam-cleaning-adelaide-modbury/,False,1.69,
https://ydcleaning.com.au/services/carpet-steam-cleaning-adelaide-morphett-vale/,200,https://ydcleaning.com.au/services/carpet-steam-cleaning-adelaide-morphett-vale/,False,1.78,
https://ydcleaning.com.au/services/carpet-steam-cleaning-adelaide-mount-barker/,200,https://ydcleaning.com.au/services/carpet-steam-cleaning-adelaide-mount-barker/,False,1.7,
https://ydcleaning.com.au/services/carpet-steam-cleaning-adelaide-murray-bridge/,200,https://ydcleaning.com.au/services/carpet-steam-cleaning-adelaide-murray-bridge/,False,1.7,
https://ydcleaning.com.au/services/carpet-steam-cleaning-adelaide-noarlunga/,200,https://ydcleaning.com.au/services/carpet-steam-cleaning-adelaide-noarlunga/,False,2.0,
https://ydcleaning.com.au/services/carpet-steam-cleaning-adelaide-north-adelaide/,200,https://ydcleaning.com.au/services/carpet-steam-cleaning-adelaide-north-adelaide/,False,2.32,
https://ydcleaning.com.au/services/carpet-steam-cleaning-adelaide-norwood/,200,https://ydcleaning.com.au/services/carpet-steam-cleaning-adelaide-norwood/,False,2.6,
https://ydcleaning.com.au/services/carpet-steam-cleaning-adelaide-oaklands-park/,200,https://ydcleaning.com.au/services/carpet-steam-cleaning-adelaide-oaklands-park/,False,3.0,
https://ydcleaning.com.au/services/carpet-steam-cleaning-adelaide-parafield-gardens/,200,https://ydcleaning.com.au/services/carpet-steam-cleaning-adelaide-parafield-gardens/,False,3.1,
https://ydcleaning.com.au/services/carpet-steam-cleaning-adelaide-parafield/,200,https://ydcleaning.com.au/services/carpet-steam-cleaning-adelaide-parafield/,False,3.02,
https://ydcleaning.com.au/services/carpet-steam-cleaning-adelaide-parkside/,200,https://ydcleaning.com.au/services/carpet-steam-cleaning-adelaide-parkside/,False,3.1,
https://ydcleaning.com.au/services/carpet-steam-cleaning-adelaide-pooraka/,200,https://ydcleaning.com.au/services/carpet-steam-cleaning-adelaide-pooraka/,False,3.01,
https://ydcleaning.com.au/services/carpet-steam-cleaning-adelaide-port-adelaide/,200,https://ydcleaning.com.au/services/carpet-steam-cleaning-adelaide-port-adelaide/,False,3.1,
https://ydcleaning.com.au/services/carpet-steam-cleaning-adelaide-prospect/,200,https://ydcleaning.com.au/services/carpet-steam-cleaning-adelaide-prospect/,False,3.11,
https://ydcleaning.com.au/services/carpet-steam-cleaning-adelaide-redwood-park/,200,https://ydcleaning.com.au/services/carpet-steam-cleaning-adelaide-redwood-park/,False,2.79,
https://ydcleaning.com.au/services/carpet-steam-cleaning-adelaide-ridgehaven/,200,https://ydcleaning.com.au/services/carpet-steam-cleaning-adelaide-ridgehaven/,False,2.39,
https://ydcleaning.com.au/services/carpet-steam-cleaning-adelaide-rose-park/,200,https://ydcleaning.com.au/services/carpet-steam-cleaning-adelaide-rose-park/,False,2.09,
https://ydcleaning.com.au/services/carpet-steam-cleaning-adelaide-royal-park/,200,https://ydcleaning.com.au/services/carpet-steam-cleaning-adelaide-royal-park/,False,1.7,
https://ydcleaning.com.au/services/carpet-steam-cleaning-adelaide-salisbury-east/,200,https://ydcleaning.com.au/services/carpet-steam-cleaning-adelaide-salisbury-east/,False,2.09,
https://ydcleaning.com.au/services/carpet-steam-cleaning-adelaide-salisbury/,200,https://ydcleaning.com.au/services/carpet-steam-cleaning-adelaide-salisbury/,False,1.81,
https://ydcleaning.com.au/services/carpet-steam-cleaning-adelaide-seacliff/,200,https://ydcleaning.com.au/services/carpet-steam-cleaning-adelaide-seacliff/,False,2.2,
https://ydcleaning.com.au/services/carpet-steam-cleaning-adelaide-sefton-park/,200,https://ydcleaning.com.au/services/carpet-steam-cleaning-adelaide-sefton-park/,False,2.31,
https://ydcleaning.com.au/services/carpet-steam-cleaning-adelaide-semaphore/,200,https://ydcleaning.com.au/services/carpet-steam-cleaning-adelaide-semaphore/,False,2.27,
https://ydcleaning.com.au/services/carpet-steam-cleaning-adelaide-south-adelaide/,200,https://ydcleaning.com.au/services/carpet-steam-cleaning-adelaide-south-adelaide/,False,2.21,
https://ydcleaning.com.au/services/carpet-steam-cleaning-adelaide-st-agnes/,200,https://ydcleaning.com.au/services/carpet-steam-cleaning-adelaide-st-agnes/,False,2.21,
https://ydcleaning.com.au/services/carpet-steam-cleaning-adelaide-stirling/,200,https://ydcleaning.com.au/services/carpet-steam-cleaning-adelaide-stirling/,False,2.21,
https://ydcleaning.com.au/services/carpet-steam-cleaning-adelaide-tea-tree-gully/,200,https://ydcleaning.com.au/services/carpet-steam-cleaning-adelaide-tea-tree-gully/,False,2.21,
https://ydcleaning.com.au/services/carpet-steam-cleaning-adelaide-toorak-gardens/,200,https://ydcleaning.com.au/services/carpet-steam-cleaning-adelaide-toorak-gardens/,False,2.33,
https://ydcleaning.com.au/services/carpet-steam-cleaning-adelaide-unley-park/,200,https://ydcleaning.com.au/services/carpet-steam-cleaning-adelaide-unley-park/,False,1.72,
https://ydcleaning.com.au/services/carpet-steam-cleaning-adelaide-unley/,200,https://ydcleaning.com.au/services/carpet-steam-cleaning-adelaide-unley/,False,2.1,
https://ydcleaning.com.au/services/carpet-steam-cleaning-adelaide-victor-harbor/,200,https://ydcleaning.com.au/services/carpet-steam-cleaning-adelaide-victor-harbor/,False,1.62,
https://ydcleaning.com.au/services/carpet-steam-cleaning-adelaide-vista/,200,https://ydcleaning.com.au/services/carpet-steam-cleaning-adelaide-vista/,False,1.52,
https://ydcleaning.com.au/services/carpet-steam-cleaning-adelaide-west-adelaide/,200,https://ydcleaning.com.au/services/carpet-steam-cleaning-adelaide-west-adelaide/,False,1.53,
https://ydcleaning.com.au/services/carpet-steam-cleaning-adelaide-west-beach/,200,https://ydcleaning.com.au/services/carpet-steam-cleaning-adelaide-west-beach/,False,1.56,
https://ydcleaning.com.au/services/carpet-steam-cleaning-adelaide/,200,https://ydcleaning.com.au/services/carpet-steam-cleaning-adelaide/,False,2.51,
https://ydcleaning.com.au/services/commercial-cleaning-adelaide-adelaide-cbd/,200,https://ydcleaning.com.au/services/commercial-cleaning-adelaide-adelaide-cbd/,False,1.59,
https://ydcleaning.com.au/services/commercial-cleaning-adelaide-aldgate/,200,https://ydcleaning.com.au/services/commercial-cleaning-adelaide-aldgate/,False,1.59,
https://ydcleaning.com.au/services/commercial-cleaning-adelaide-aldinga/,200,https://ydcleaning.com.au/services/commercial-cleaning-adelaide-aldinga/,False,1.56,
https://ydcleaning.com.au/services/commercial-cleaning-adelaide-beaumont/,200,https://ydcleaning.com.au/services/commercial-cleaning-adelaide-beaumont/,False,1.45,
https://ydcleaning.com.au/services/commercial-cleaning-adelaide-bridgewater/,200,https://ydcleaning.com.au/services/commercial-cleaning-adelaide-bridgewater/,False,1.49,
https://ydcleaning.com.au/services/commercial-cleaning-adelaide-brighton/,200,https://ydcleaning.com.au/services/commercial-cleaning-adelaide-brighton/,False,1.59,
https://ydcleaning.com.au/services/commercial-cleaning-adelaide-burnside/,200,https://ydcleaning.com.au/services/commercial-cleaning-adelaide-burnside/,False,1.49,
https://ydcleaning.com.au/services/commercial-cleaning-adelaide-christies-beach/,200,https://ydcleaning.com.au/services/commercial-cleaning-adelaide-christies-beach/,False,1.59,
https://ydcleaning.com.au/services/commercial-cleaning-adelaide-clearview/,200,https://ydcleaning.com.au/services/commercial-cleaning-adelaide-clearview/,False,1.57,
https://ydcleaning.com.au/services/commercial-cleaning-adelaide-collinswood/,200,https://ydcleaning.com.au/services/commercial-cleaning-adelaide-collinswood/,False,1.51,
https://ydcleaning.com.au/services/commercial-cleaning-adelaide-dulwich/,200,https://ydcleaning.com.au/services/commercial-cleaning-adelaide-dulwich/,False,1.49,
https://ydcleaning.com.au/services/commercial-cleaning-adelaide-east-adelaide/,200,https://ydcleaning.com.au/services/commercial-cleaning-adelaide-east-adelaide/,False,1.51,
https://ydcleaning.com.au/services/commercial-cleaning-adelaide-enfield/,200,https://ydcleaning.com.au/services/commercial-cleaning-adelaide-enfield/,False,1.51,
https://ydcleaning.com.au/services/commercial-cleaning-adelaide-fairview-park/,200,https://ydcleaning.com.au/services/commercial-cleaning-adelaide-fairview-park/,False,1.51,
https://ydcleaning.com.au/services/commercial-cleaning-adelaide-findon/,200,https://ydcleaning.com.au/services/commercial-cleaning-adelaide-findon/,False,1.5,
https://ydcleaning.com.au/services/commercial-cleaning-adelaide-gawler/,200,https://ydcleaning.com.au/services/commercial-cleaning-adelaide-gawler/,False,1.5,
https://ydcleaning.com.au/services/commercial-cleaning-adelaide-gepps-cross/,200,https://ydcleaning.com.au/services/commercial-cleaning-adelaide-gepps-cross/,False,1.49,
https://ydcleaning.com.au/services/commercial-cleaning-adelaide-glenelg/,200,https://ydcleaning.com.au/services/commercial-cleaning-adelaide-glenelg/,False,1.49,
https://ydcleaning.com.au/services/commercial-cleaning-adelaide-golden-grove/,200,https://ydcleaning.com.au/services/commercial-cleaning-adelaide-golden-grove/,False,1.4,
https://ydcleaning.com.au/services/commercial-cleaning-adelaide-grange/,200,https://ydcleaning.com.au/services/commercial-cleaning-adelaide-grange/,False,1.48,
https://ydcleaning.com.au/services/commercial-cleaning-adelaide-greenacres/,200,https://ydcleaning.com.au/services/commercial-cleaning-adelaide-greenacres/,False,1.42,
https://ydcleaning.com.au/services/commercial-cleaning-adelaide-gumeracha/,200,https://ydcleaning.com.au/services/commercial-cleaning-adelaide-gumeracha/,False,1.37,
https://ydcleaning.com.au/services/commercial-cleaning-adelaide-hahndorf/,200,https://ydcleaning.com.au/services/commercial-cleaning-adelaide-hahndorf/,False,1.4,
https://ydcleaning.com.au/services/commercial-cleaning-adelaide-hallett-cove/,200,https://ydcleaning.com.au/services/commercial-cleaning-adelaide-hallett-cove/,False,1.4,
https://ydcleaning.com.au/services/commercial-cleaning-adelaide-henley-beach/,200,https://ydcleaning.com.au/services/commercial-cleaning-adelaide-henley-beach/,False,1.4,
https://ydcleaning.com.au/services/commercial-cleaning-adelaide-highbury/,200,https://ydcleaning.com.au/services/commercial-cleaning-adelaide-highbury/,False,1.4,
https://ydcleaning.com.au/services/commercial-cleaning-adelaide-holden-hill/,200,https://ydcleaning.com.au/services/commercial-cleaning-adelaide-holden-hill/,False,1.49,
https://ydcleaning.com.au/services/commercial-cleaning-adelaide-hyde-park/,200,https://ydcleaning.com.au/services/commercial-cleaning-adelaide-hyde-park/,False,1.41,
https://ydcleaning.com.au/services/commercial-cleaning-adelaide-kensington-gardens/,200,https://ydcleaning.com.au/services/commercial-cleaning-adelaide-kensington-gardens/,False,1.41,
https://ydcleaning.com.au/services/commercial-cleaning-adelaide-kensington/,200,https://ydcleaning.com.au/services/commercial-cleaning-adelaide-kensington/,False,1.42,
https://ydcleaning.com.au/services/commercial-cleaning-adelaide-kent-town/,200,https://ydcleaning.com.au/services/commercial-cleaning-adelaide-kent-town/,False,1.48,
https://ydcleaning.com.au/services/commercial-cleaning-adelaide-kidman-park/,200,https://ydcleaning.com.au/services/commercial-cleaning-adelaide-kidman-park/,False,1.6,
https://ydcleaning.com.au/services/commercial-cleaning-adelaide-kilburn/,200,https://ydcleaning.com.au/services/commercial-cleaning-adelaide-kilburn/,False,1.52,
https://ydcleaning.com.au/services/commercial-cleaning-adelaide-klemzig/,200,https://ydcleaning.com.au/services/commercial-cleaning-adelaide-klemzig/,False,1.68,
https://ydcleaning.com.au/services/commercial-cleaning-adelaide-largs-bay/,200,https://ydcleaning.com.au/services/commercial-cleaning-adelaide-largs-bay/,False,1.71,
https://ydcleaning.com.au/services/commercial-cleaning-adelaide-malvern/,200,https://ydcleaning.com.au/services/commercial-cleaning-adelaide-malvern/,False,1.59,
https://ydcleaning.com.au/services/commercial-cleaning-adelaide-marion/,200,https://ydcleaning.com.au/services/commercial-cleaning-adelaide-marion/,False,1.61,
https://ydcleaning.com.au/services/commercial-cleaning-adelaide-mawson-lakes/,200,https://ydcleaning.com.au/services/commercial-cleaning-adelaide-mawson-lakes/,False,1.68,
https://ydcleaning.com.au/services/commercial-cleaning-adelaide-modbury-heights/,200,https://ydcleaning.com.au/services/commercial-cleaning-adelaide-modbury-heights/,False,1.8,
https://ydcleaning.com.au/services/commercial-cleaning-adelaide-modbury/,200,https://ydcleaning.com.au/services/commercial-cleaning-adelaide-modbury/,False,1.69,
https://ydcleaning.com.au/services/commercial-cleaning-adelaide-morphett-vale/,200,https://ydcleaning.com.au/services/commercial-cleaning-adelaide-morphett-vale/,False,1.72,
https://ydcleaning.com.au/services/commercial-cleaning-adelaide-mount-barker/,200,https://ydcleaning.com.au/services/commercial-cleaning-adelaide-mount-barker/,False,1.68,
https://ydcleaning.com.au/services/commercial-cleaning-adelaide-murray-bridge/,200,https://ydcleaning.com.au/services/commercial-cleaning-adelaide-murray-bridge/,False,1.7,
https://ydcleaning.com.au/services/commercial-cleaning-adelaide-noarlunga/,200,https://ydcleaning.com.au/services/commercial-cleaning-adelaide-noarlunga/,False,1.61,
https://ydcleaning.com.au/services/commercial-cleaning-adelaide-north-adelaide/,200,https://ydcleaning.com.au/services/commercial-cleaning-adelaide-north-adelaide/,False,1.68,
https://ydcleaning.com.au/services/commercial-cleaning-adelaide-norwood/,200,https://ydcleaning.com.au/services/commercial-cleaning-adelaide-norwood/,False,1.99,
https://ydcleaning.com.au/services/commercial-cleaning-adelaide-oaklands-park/,200,https://ydcleaning.com.au/services/commercial-cleaning-adelaide-oaklands-park/,False,2.19,
https://ydcleaning.com.au/services/commercial-cleaning-adelaide-parafield-gardens/,200,https://ydcleaning.com.au/services/commercial-cleaning-adelaide-parafield-gardens/,False,2.4,
https://ydcleaning.com.au/services/commercial-cleaning-adelaide-parafield/,200,https://ydcleaning.com.au/services/commercial-cleaning-adelaide-parafield/,False,2.32,
https://ydcleaning.com.au/services/commercial-cleaning-adelaide-parkside/,200,https://ydcleaning.com.au/services/commercial-cleaning-adelaide-parkside/,False,2.2,
https://ydcleaning.com.au/services/commercial-cleaning-adelaide-pooraka/,200,https://ydcleaning.com.au/services/commercial-cleaning-adelaide-pooraka/,False,2.27,
https://ydcleaning.com.au/services/commercial-cleaning-adelaide-port-adelaide/,200,https://ydcleaning.com.au/services/commercial-cleaning-adelaide-port-adelaide/,False,2.31,
https://ydcleaning.com.au/services/commercial-cleaning-adelaide-prospect/,200,https://ydcleaning.com.au/services/commercial-cleaning-adelaide-prospect/,False,2.39,
https://ydcleaning.com.au/services/commercial-cleaning-adelaide-redwood-park/,200,https://ydcleaning.com.au/services/commercial-cleaning-adelaide-redwood-park/,False,2.3,
https://ydcleaning.com.au/services/commercial-cleaning-adelaide-ridgehaven/,200,https://ydcleaning.com.au/services/commercial-cleaning-adelaide-ridgehaven/,False,2.33,
https://ydcleaning.com.au/services/commercial-cleaning-adelaide-rose-park/,200,https://ydcleaning.com.au/services/commercial-cleaning-adelaide-rose-park/,False,2.13,
https://ydcleaning.com.au/services/commercial-cleaning-adelaide-royal-park/,200,https://ydcleaning.com.au/services/commercial-cleaning-adelaide-royal-park/,False,1.9,
https://ydcleaning.com.au/services/commercial-cleaning-adelaide-salisbury-east/,200,https://ydcleaning.com.au/services/commercial-cleaning-adelaide-salisbury-east/,False,1.79,
https://ydcleaning.com.au/services/commercial-cleaning-adelaide-salisbury/,200,https://ydcleaning.com.au/services/commercial-cleaning-adelaide-salisbury/,False,1.79,
https://ydcleaning.com.au/services/commercial-cleaning-adelaide-seacliff/,200,https://ydcleaning.com.au/services/commercial-cleaning-adelaide-seacliff/,False,1.96,
https://ydcleaning.com.au/services/commercial-cleaning-adelaide-sefton-park/,200,https://ydcleaning.com.au/services/commercial-cleaning-adelaide-sefton-park/,False,1.91,
https://ydcleaning.com.au/services/commercial-cleaning-adelaide-semaphore/,200,https://ydcleaning.com.au/services/commercial-cleaning-adelaide-semaphore/,False,1.91,
https://ydcleaning.com.au/services/commercial-cleaning-adelaide-south-adelaide/,200,https://ydcleaning.com.au/services/commercial-cleaning-adelaide-south-adelaide/,False,1.81,
https://ydcleaning.com.au/services/commercial-cleaning-adelaide-st-agnes/,200,https://ydcleaning.com.au/services/commercial-cleaning-adelaide-st-agnes/,False,1.8,
https://ydcleaning.com.au/services/commercial-cleaning-adelaide-stirling/,200,https://ydcleaning.com.au/services/commercial-cleaning-adelaide-stirling/,False,1.81,
https://ydcleaning.com.au/services/commercial-cleaning-adelaide-tea-tree-gully/,200,https://ydcleaning.com.au/services/commercial-cleaning-adelaide-tea-tree-gully/,False,1.8,
https://ydcleaning.com.au/services/commercial-cleaning-adelaide-toorak-gardens/,200,https://ydcleaning.com.au/services/commercial-cleaning-adelaide-toorak-gardens/,False,1.8,
https://ydcleaning.com.au/services/commercial-cleaning-adelaide-unley-park/,200,https://ydcleaning.com.au/services/commercial-cleaning-adelaide-unley-park/,False,1.69,
https://ydcleaning.com.au/services/commercial-cleaning-adelaide-unley/,200,https://ydcleaning.com.au/services/commercial-cleaning-adelaide-unley/,False,1.69,
https://ydcleaning.com.au/services/commercial-cleaning-adelaide-victor-harbor/,200,https://ydcleaning.com.au/services/commercial-cleaning-adelaide-victor-harbor/,False,1.63,
https://ydcleaning.com.au/services/commercial-cleaning-adelaide-vista/,200,https://ydcleaning.com.au/services/commercial-cleaning-adelaide-vista/,False,1.6,
https://ydcleaning.com.au/services/commercial-cleaning-adelaide-west-adelaide/,200,https://ydcleaning.com.au/services/commercial-cleaning-adelaide-west-adelaide/,False,1.6,
https://ydcleaning.com.au/services/commercial-cleaning-adelaide-west-beach/,200,https://ydcleaning.com.au/services/commercial-cleaning-adelaide-west-beach/,False,1.59,
https://ydcleaning.com.au/services/commercial-cleaning-adelaide/,200,https://ydcleaning.com.au/services/commercial-cleaning-adelaide/,False,3.11,
https://ydcleaning.com.au/services/commercial-office-cleaning-adelaide-adelaide-cbd/,200,https://ydcleaning.com.au/services/commercial-office-cleaning-adelaide-adelaide-cbd/,False,1.68,
https://ydcleaning.com.au/services/commercial-office-cleaning-adelaide-aldgate/,200,https://ydcleaning.com.au/services/commercial-office-cleaning-adelaide-aldgate/,False,1.56,
https://ydcleaning.com.au/services/commercial-office-cleaning-adelaide-aldinga/,200,https://ydcleaning.com.au/services/commercial-office-cleaning-adelaide-aldinga/,False,1.58,
https://ydcleaning.com.au/services/commercial-office-cleaning-adelaide-beaumont/,200,https://ydcleaning.com.au/services/commercial-office-cleaning-adelaide-beaumont/,False,1.49,
https://ydcleaning.com.au/services/commercial-office-cleaning-adelaide-bridgewater/,200,https://ydcleaning.com.au/services/commercial-office-cleaning-adelaide-bridgewater/,False,1.51,
https://ydcleaning.com.au/services/commercial-office-cleaning-adelaide-brighton/,200,https://ydcleaning.com.au/services/commercial-office-cleaning-adelaide-brighton/,False,1.51,
https://ydcleaning.com.au/services/commercial-office-cleaning-adelaide-burnside/,200,https://ydcleaning.com.au/services/commercial-office-cleaning-adelaide-burnside/,False,1.53,
https://ydcleaning.com.au/services/commercial-office-cleaning-adelaide-christies-beach/,200,https://ydcleaning.com.au/services/commercial-office-cleaning-adelaide-christies-beach/,False,1.6,
https://ydcleaning.com.au/services/commercial-office-cleaning-adelaide-clearview/,200,https://ydcleaning.com.au/services/commercial-office-cleaning-adelaide-clearview/,False,1.59,
https://ydcleaning.com.au/services/commercial-office-cleaning-adelaide-collinswood/,200,https://ydcleaning.com.au/services/commercial-office-cleaning-adelaide-collinswood/,False,1.6,
https://ydcleaning.com.au/services/commercial-office-cleaning-adelaide-dulwich/,200,https://ydcleaning.com.au/services/commercial-office-cleaning-adelaide-dulwich/,False,1.52,
https://ydcleaning.com.au/services/commercial-office-cleaning-adelaide-east-adelaide/,200,https://ydcleaning.com.au/services/commercial-office-cleaning-adelaide-east-adelaide/,False,1.58,
https://ydcleaning.com.au/services/commercial-office-cleaning-adelaide-enfield/,200,https://ydcleaning.com.au/services/commercial-office-cleaning-adelaide-enfield/,False,1.49,
https://ydcleaning.com.au/services/commercial-office-cleaning-adelaide-fairview-park/,200,https://ydcleaning.com.au/services/commercial-office-cleaning-adelaide-fairview-park/,False,1.51,
https://ydcleaning.com.au/services/commercial-office-cleaning-adelaide-findon/,200,https://ydcleaning.com.au/services/commercial-office-cleaning-adelaide-findon/,False,1.6,
https://ydcleaning.com.au/services/commercial-office-cleaning-adelaide-gawler/,200,https://ydcleaning.com.au/services/commercial-office-cleaning-adelaide-gawler/,False,1.49,
https://ydcleaning.com.au/services/commercial-office-cleaning-adelaide-gepps-cross/,200,https://ydcleaning.com.au/services/commercial-office-cleaning-adelaide-gepps-cross/,False,1.5,
https://ydcleaning.com.au/services/commercial-office-cleaning-adelaide-glenelg/,200,https://ydcleaning.com.au/services/commercial-office-cleaning-adelaide-glenelg/,False,1.49,
https://ydcleaning.com.au/services/commercial-office-cleaning-adelaide-golden-grove/,200,https://ydcleaning.com.au/services/commercial-office-cleaning-adelaide-golden-grove/,False,1.4,
https://ydcleaning.com.au/services/commercial-office-cleaning-adelaide-grange/,200,https://ydcleaning.com.au/services/commercial-office-cleaning-adelaide-grange/,False,1.51,
https://ydcleaning.com.au/services/commercial-office-cleaning-adelaide-greenacres/,200,https://ydcleaning.com.au/services/commercial-office-cleaning-adelaide-greenacres/,False,1.59,
https://ydcleaning.com.au/services/commercial-office-cleaning-adelaide-gumeracha/,200,https://ydcleaning.com.au/services/commercial-office-cleaning-adelaide-gumeracha/,False,1.52,
https://ydcleaning.com.au/services/commercial-office-cleaning-adelaide-hahndorf/,200,https://ydcleaning.com.au/services/commercial-office-cleaning-adelaide-hahndorf/,False,1.61,
https://ydcleaning.com.au/services/commercial-office-cleaning-adelaide-hallett-cove/,200,https://ydcleaning.com.au/services/commercial-office-cleaning-adelaide-hallett-cove/,False,1.71,
https://ydcleaning.com.au/services/commercial-office-cleaning-adelaide-henley-beach/,200,https://ydcleaning.com.au/services/commercial-office-cleaning-adelaide-henley-beach/,False,1.68,
https://ydcleaning.com.au/services/commercial-office-cleaning-adelaide-highbury/,200,https://ydcleaning.com.au/services/commercial-office-cleaning-adelaide-highbury/,False,1.7,
https://ydcleaning.com.au/services/commercial-office-cleaning-adelaide-holden-hill/,200,https://ydcleaning.com.au/services/commercial-office-cleaning-adelaide-holden-hill/,False,1.68,
https://ydcleaning.com.au/services/commercial-office-cleaning-adelaide-hyde-park/,200,https://ydcleaning.com.au/services/commercial-office-cleaning-adelaide-hyde-park/,False,1.69,
https://ydcleaning.com.au/services/commercial-office-cleaning-adelaide-kensington-gardens/,200,https://ydcleaning.com.au/services/commercial-office-cleaning-adelaide-kensington-gardens/,False,2.18,
https://ydcleaning.com.au/services/commercial-office-cleaning-adelaide-kensington/,200,https://ydcleaning.com.au/services/commercial-office-cleaning-adelaide-kensington/,False,1.7,
https://ydcleaning.com.au/services/commercial-office-cleaning-adelaide-kent-town/,200,https://ydcleaning.com.au/services/commercial-office-cleaning-adelaide-kent-town/,False,2.09,
https://ydcleaning.com.au/services/commercial-office-cleaning-adelaide-kidman-park/,200,https://ydcleaning.com.au/services/commercial-office-cleaning-adelaide-kidman-park/,False,2.1,
https://ydcleaning.com.au/services/commercial-office-cleaning-adelaide-kilburn/,200,https://ydcleaning.com.au/services/commercial-office-cleaning-adelaide-kilburn/,False,2.0,
https://ydcleaning.com.au/services/commercial-office-cleaning-adelaide-klemzig/,200,https://ydcleaning.com.au/services/commercial-office-cleaning-adelaide-klemzig/,False,1.97,
https://ydcleaning.com.au/services/commercial-office-cleaning-adelaide-largs-bay/,200,https://ydcleaning.com.au/services/commercial-office-cleaning-adelaide-largs-bay/,False,2.0,
https://ydcleaning.com.au/services/commercial-office-cleaning-adelaide-malvern/,200,https://ydcleaning.com.au/services/commercial-office-cleaning-adelaide-malvern/,False,2.0,
https://ydcleaning.com.au/services/commercial-office-cleaning-adelaide-marion/,200,https://ydcleaning.com.au/services/commercial-office-cleaning-adelaide-marion/,False,2.0,
https://ydcleaning.com.au/services/commercial-office-cleaning-adelaide-mawson-lakes/,200,https://ydcleaning.com.au/services/commercial-office-cleaning-adelaide-mawson-lakes/,False,1.91,
https://ydcleaning.com.au/services/commercial-office-cleaning-adelaide-modbury-heights/,200,https://ydcleaning.com.au/services/commercial-office-cleaning-adelaide-modbury-heights/,False,1.41,
https://ydcleaning.com.au/services/commercial-office-cleaning-adelaide-modbury/,200,https://ydcleaning.com.au/services/commercial-office-cleaning-adelaide-modbury/,False,1.91,
https://ydcleaning.com.au/services/commercial-office-cleaning-adelaide-morphett-vale/,200,https://ydcleaning.com.au/services/commercial-office-cleaning-adelaide-morphett-vale/,False,1.52,
https://ydcleaning.com.au/services/commercial-office-cleaning-adelaide-mount-barker/,200,https://ydcleaning.com.au/services/commercial-office-cleaning-adelaide-mount-barker/,False,1.49,
https://ydcleaning.com.au/services/commercial-office-cleaning-adelaide-murray-bridge/,200,https://ydcleaning.com.au/services/commercial-office-cleaning-adelaide-murray-bridge/,False,1.58,
https://ydcleaning.com.au/services/commercial-office-cleaning-adelaide-noarlunga/,200,https://ydcleaning.com.au/services/commercial-office-cleaning-adelaide-noarlunga/,False,1.51,
https://ydcleaning.com.au/services/commercial-office-cleaning-adelaide-north-adelaide/,200,https://ydcleaning.com.au/services/commercial-office-cleaning-adelaide-north-adelaide/,False,1.52,
https://ydcleaning.com.au/services/commercial-office-cleaning-adelaide-norwood/,200,https://ydcleaning.com.au/services/commercial-office-cleaning-adelaide-norwood/,False,1.51,
https://ydcleaning.com.au/services/commercial-office-cleaning-adelaide-oaklands-park/,200,https://ydcleaning.com.au/services/commercial-office-cleaning-adelaide-oaklands-park/,False,1.62,
https://ydcleaning.com.au/services/commercial-office-cleaning-adelaide-parafield-gardens/,200,https://ydcleaning.com.au/services/commercial-office-cleaning-adelaide-parafield-gardens/,False,1.49,
https://ydcleaning.com.au/services/commercial-office-cleaning-adelaide-parafield/,200,https://ydcleaning.com.au/services/commercial-office-cleaning-adelaide-parafield/,False,1.42,
https://ydcleaning.com.au/services/commercial-office-cleaning-adelaide-parkside/,200,https://ydcleaning.com.au/services/commercial-office-cleaning-adelaide-parkside/,False,1.49,
https://ydcleaning.com.au/services/commercial-office-cleaning-adelaide-pooraka/,200,https://ydcleaning.com.au/services/commercial-office-cleaning-adelaide-pooraka/,False,1.39,
https://ydcleaning.com.au/services/commercial-office-cleaning-adelaide-port-adelaide/,200,https://ydcleaning.com.au/services/commercial-office-cleaning-adelaide-port-adelaide/,False,1.41,
https://ydcleaning.com.au/services/commercial-office-cleaning-adelaide-prospect/,200,https://ydcleaning.com.au/services/commercial-office-cleaning-adelaide-prospect/,False,1.4,
https://ydcleaning.com.au/services/commercial-office-cleaning-adelaide-redwood-park/,200,https://ydcleaning.com.au/services/commercial-office-cleaning-adelaide-redwood-park/,False,1.49,
https://ydcleaning.com.au/services/commercial-office-cleaning-adelaide-ridgehaven/,200,https://ydcleaning.com.au/services/commercial-office-cleaning-adelaide-ridgehaven/,False,1.39,
https://ydcleaning.com.au/services/commercial-office-cleaning-adelaide-rose-park/,200,https://ydcleaning.com.au/services/commercial-office-cleaning-adelaide-rose-park/,False,1.48,
https://ydcleaning.com.au/services/commercial-office-cleaning-adelaide-royal-park/,200,https://ydcleaning.com.au/services/commercial-office-cleaning-adelaide-royal-park/,False,1.49,
https://ydcleaning.com.au/services/commercial-office-cleaning-adelaide-salisbury-east/,200,https://ydcleaning.com.au/services/commercial-office-cleaning-adelaide-salisbury-east/,False,1.6,
https://ydcleaning.com.au/services/commercial-office-cleaning-adelaide-salisbury/,200,https://ydcleaning.com.au/services/commercial-office-cleaning-adelaide-salisbury/,False,1.58,
https://ydcleaning.com.au/services/commercial-office-cleaning-adelaide-seacliff/,200,https://ydcleaning.com.au/services/commercial-office-cleaning-adelaide-seacliff/,False,1.51,
https://ydcleaning.com.au/services/commercial-office-cleaning-adelaide-sefton-park/,200,https://ydcleaning.com.au/services/commercial-office-cleaning-adelaide-sefton-park/,False,1.6,
https://ydcleaning.com.au/services/commercial-office-cleaning-adelaide-semaphore/,200,https://ydcleaning.com.au/services/commercial-office-cleaning-adelaide-semaphore/,False,1.7,
https://ydcleaning.com.au/services/commercial-office-cleaning-adelaide-south-adelaide/,200,https://ydcleaning.com.au/services/commercial-office-cleaning-adelaide-south-adelaide/,False,1.71,
https://ydcleaning.com.au/services/commercial-office-cleaning-adelaide-st-agnes/,200,https://ydcleaning.com.au/services/commercial-office-cleaning-adelaide-st-agnes/,False,1.6,
https://ydcleaning.com.au/services/commercial-office-cleaning-adelaide-stirling/,200,https://ydcleaning.com.au/services/commercial-office-cleaning-adelaide-stirling/,False,1.68,
https://ydcleaning.com.au/services/commercial-office-cleaning-adelaide-tea-tree-gully/,200,https://ydcleaning.com.au/services/commercial-office-cleaning-adelaide-tea-tree-gully/,False,1.6,
https://ydcleaning.com.au/services/commercial-office-cleaning-adelaide-toorak-gardens/,200,https://ydcleaning.com.au/services/commercial-office-cleaning-adelaide-toorak-gardens/,False,1.59,
https://ydcleaning.com.au/services/commercial-office-cleaning-adelaide-unley-park/,200,https://ydcleaning.com.au/services/commercial-office-cleaning-adelaide-unley-park/,False,1.59,
https://ydcleaning.com.au/services/commercial-office-cleaning-adelaide-unley/,200,https://ydcleaning.com.au/services/commercial-office-cleaning-adelaide-unley/,False,1.5,
https://ydcleaning.com.au/services/commercial-office-cleaning-adelaide-victor-harbor/,200,https://ydcleaning.com.au/services/commercial-office-cleaning-adelaide-victor-harbor/,False,1.6,
https://ydcleaning.com.au/services/commercial-office-cleaning-adelaide-vista/,200,https://ydcleaning.com.au/services/commercial-office-cleaning-adelaide-vista/,False,1.58,
https://ydcleaning.com.au/services/commercial-office-cleaning-adelaide-west-adelaide/,200,https://ydcleaning.com.au/services/commercial-office-cleaning-adelaide-west-adelaide/,False,1.49,
https://ydcleaning.com.au/services/commercial-office-cleaning-adelaide-west-beach/,200,https://ydcleaning.com.au/services/commercial-office-cleaning-adelaide-west-beach/,False,1.41,
https://ydcleaning.com.au/services/commercial-office-cleaning-adelaide/,200,https://ydcleaning.com.au/services/commercial-office-cleaning-adelaide/,False,2.2,
https://ydcleaning.com.au/services/deep-cleaning-adelaide-adelaide-cbd/,200,https://ydcleaning.com.au/services/deep-cleaning-adelaide-adelaide-cbd/,False,1.49,
https://ydcleaning.com.au/services/deep-cleaning-adelaide-aldgate/,200,https://ydcleaning.com.au/services/deep-cleaning-adelaide-aldgate/,False,1.4,
https://ydcleaning.com.au/services/deep-cleaning-adelaide-aldinga/,200,https://ydcleaning.com.au/services/deep-cleaning-adelaide-aldinga/,False,1.4,
https://ydcleaning.com.au/services/deep-cleaning-adelaide-beaumont/,200,https://ydcleaning.com.au/services/deep-cleaning-adelaide-beaumont/,False,1.41,
https://ydcleaning.com.au/services/deep-cleaning-adelaide-bridgewater/,200,https://ydcleaning.com.au/services/deep-cleaning-adelaide-bridgewater/,False,1.5,
https://ydcleaning.com.au/services/deep-cleaning-adelaide-brighton/,200,https://ydcleaning.com.au/services/deep-cleaning-adelaide-brighton/,False,1.51,
https://ydcleaning.com.au/services/deep-cleaning-adelaide-burnside/,200,https://ydcleaning.com.au/services/deep-cleaning-adelaide-burnside/,False,1.59,
https://ydcleaning.com.au/services/deep-cleaning-adelaide-christies-beach/,200,https://ydcleaning.com.au/services/deep-cleaning-adelaide-christies-beach/,False,1.61,
https://ydcleaning.com.au/services/deep-cleaning-adelaide-clearview/,200,https://ydcleaning.com.au/services/deep-cleaning-adelaide-clearview/,False,1.7,
https://ydcleaning.com.au/services/deep-cleaning-adelaide-collinswood/,200,https://ydcleaning.com.au/services/deep-cleaning-adelaide-collinswood/,False,1.8,
https://ydcleaning.com.au/services/deep-cleaning-adelaide-dulwich/,200,https://ydcleaning.com.au/services/deep-cleaning-adelaide-dulwich/,False,1.87,
https://ydcleaning.com.au/services/deep-cleaning-adelaide-east-adelaide/,200,https://ydcleaning.com.au/services/deep-cleaning-adelaide-east-adelaide/,False,1.91,
https://ydcleaning.com.au/services/deep-cleaning-adelaide-enfield/,200,https://ydcleaning.com.au/services/deep-cleaning-adelaide-enfield/,False,2.0,
https://ydcleaning.com.au/services/deep-cleaning-adelaide-fairview-park/,200,https://ydcleaning.com.au/services/deep-cleaning-adelaide-fairview-park/,False,1.99,
https://ydcleaning.com.au/services/deep-cleaning-adelaide-findon/,200,https://ydcleaning.com.au/services/deep-cleaning-adelaide-findon/,False,2.0,
https://ydcleaning.com.au/services/deep-cleaning-adelaide-gawler/,200,https://ydcleaning.com.au/services/deep-cleaning-adelaide-gawler/,False,1.97,
https://ydcleaning.com.au/services/deep-cleaning-adelaide-gepps-cross/,200,https://ydcleaning.com.au/services/deep-cleaning-adelaide-gepps-cross/,False,2.19,
https://ydcleaning.com.au/services/deep-cleaning-adelaide-glenelg/,200,https://ydcleaning.com.au/services/deep-cleaning-adelaide-glenelg/,False,2.41,
https://ydcleaning.com.au/services/deep-cleaning-adelaide-golden-grove/,200,https://ydcleaning.com.au/services/deep-cleaning-adelaide-golden-grove/,False,2.49,
https://ydcleaning.com.au/services/deep-cleaning-adelaide-grange/,200,https://ydcleaning.com.au/services/deep-cleaning-adelaide-grange/,False,2.45,
https://ydcleaning.com.au/services/deep-cleaning-adelaide-greenacres/,200,https://ydcleaning.com.au/services/deep-cleaning-adelaide-greenacres/,False,2.38,
https://ydcleaning.com.au/services/deep-cleaning-adelaide-gumeracha/,200,https://ydcleaning.com.au/services/deep-cleaning-adelaide-gumeracha/,False,2.4,
https://ydcleaning.com.au/services/deep-cleaning-adelaide-hahndorf/,200,https://ydcleaning.com.au/services/deep-cleaning-adelaide-hahndorf/,False,2.4,
https://ydcleaning.com.au/services/deep-cleaning-adelaide-hallett-cove/,200,https://ydcleaning.com.au/services/deep-cleaning-adelaide-hallett-cove/,False,2.41,
https://ydcleaning.com.au/services/deep-cleaning-adelaide-henley-beach/,200,https://ydcleaning.com.au/services/deep-cleaning-adelaide-henley-beach/,False,2.38,
https://ydcleaning.com.au/services/deep-cleaning-adelaide-highbury/,200,https://ydcleaning.com.au/services/deep-cleaning-adelaide-highbury/,False,2.44,
https://ydcleaning.com.au/services/deep-cleaning-adelaide-holden-hill/,200,https://ydcleaning.com.au/services/deep-cleaning-adelaide-holden-hill/,False,2.1,
https://ydcleaning.com.au/services/deep-cleaning-adelaide-hyde-park/,200,https://ydcleaning.com.au/services/deep-cleaning-adelaide-hyde-park/,False,1.89,
https://ydcleaning.com.au/services/deep-cleaning-adelaide-kensington-gardens/,200,https://ydcleaning.com.au/services/deep-cleaning-adelaide-kensington-gardens/,False,1.62,
https://ydcleaning.com.au/services/deep-cleaning-adelaide-kensington/,200,https://ydcleaning.com.au/services/deep-cleaning-adelaide-kensington/,False,1.91,
https://ydcleaning.com.au/services/deep-cleaning-adelaide-kent-town/,200,https://ydcleaning.com.au/services/deep-cleaning-adelaide-kent-town/,False,1.76,
https://ydcleaning.com.au/services/deep-cleaning-adelaide-kidman-park/,200,https://ydcleaning.com.au/services/deep-cleaning-adelaide-kidman-park/,False,1.79,
https://ydcleaning.com.au/services/deep-cleaning-adelaide-kilburn/,200,https://ydcleaning.com.au/services/deep-cleaning-adelaide-kilburn/,False,1.75,
https://ydcleaning.com.au/services/deep-cleaning-adelaide-klemzig/,200,https://ydcleaning.com.au/services/deep-cleaning-adelaide-klemzig/,False,1.67,
https://ydcleaning.com.au/services/deep-cleaning-adelaide-largs-bay/,200,https://ydcleaning.com.au/services/deep-cleaning-adelaide-largs-bay/,False,1.6,
https://ydcleaning.com.au/services/deep-cleaning-adelaide-malvern/,200,https://ydcleaning.com.au/services/deep-cleaning-adelaide-malvern/,False,1.47,
https://ydcleaning.com.au/services/deep-cleaning-adelaide-marion/,200,https://ydcleaning.com.au/services/deep-cleaning-adelaide-marion/,False,1.68,
https://ydcleaning.com.au/services/deep-cleaning-adelaide-mawson-lakes/,200,https://ydcleaning.com.au/services/deep-cleaning-adelaide-mawson-lakes/,False,1.59,
https://ydcleaning.com.au/services/deep-cleaning-adelaide-modbury-heights/,200,https://ydcleaning.com.au/services/deep-cleaning-adelaide-modbury-heights/,False,1.6,
https://ydcleaning.com.au/services/deep-cleaning-adelaide-modbury/,200,https://ydcleaning.com.au/services/deep-cleaning-adelaide-modbury/,False,1.61,
https://ydcleaning.com.au/services/deep-cleaning-adelaide-morphett-vale/,200,https://ydcleaning.com.au/services/deep-cleaning-adelaide-morphett-vale/,False,1.5,
https://ydcleaning.com.au/services/deep-cleaning-adelaide-mount-barker/,200,https://ydcleaning.com.au/services/deep-cleaning-adelaide-mount-barker/,False,1.49,
https://ydcleaning.com.au/services/deep-cleaning-adelaide-murray-bridge/,200,https://ydcleaning.com.au/services/deep-cleaning-adelaide-murray-bridge/,False,1.43,
https://ydcleaning.com.au/services/deep-cleaning-adelaide-noarlunga/,200,https://ydcleaning.com.au/services/deep-cleaning-adelaide-noarlunga/,False,1.6,
https://ydcleaning.com.au/services/deep-cleaning-adelaide-north-adelaide/,200,https://ydcleaning.com.au/services/deep-cleaning-adelaide-north-adelaide/,False,2.01,
https://ydcleaning.com.au/services/deep-cleaning-adelaide-norwood/,200,https://ydcleaning.com.au/services/deep-cleaning-adelaide-norwood/,False,2.67,
https://ydcleaning.com.au/services/deep-cleaning-adelaide-oaklands-park/,200,https://ydcleaning.com.au/services/deep-cleaning-adelaide-oaklands-park/,False,2.82,
https://ydcleaning.com.au/services/deep-cleaning-adelaide-parafield-gardens/,200,https://ydcleaning.com.au/services/deep-cleaning-adelaide-parafield-gardens/,False,3.29,
https://ydcleaning.com.au/services/deep-cleaning-adelaide-parafield/,200,https://ydcleaning.com.au/services/deep-cleaning-adelaide-parafield/,False,3.09,
https://ydcleaning.com.au/services/deep-cleaning-adelaide-parkside/,200,https://ydcleaning.com.au/services/deep-cleaning-adelaide-parkside/,False,3.8,
https://ydcleaning.com.au/services/deep-cleaning-adelaide-pooraka/,200,https://ydcleaning.com.au/services/deep-cleaning-adelaide-pooraka/,False,3.99,
https://ydcleaning.com.au/services/deep-cleaning-adelaide-port-adelaide/,200,https://ydcleaning.com.au/services/deep-cleaning-adelaide-port-adelaide/,False,3.52,
https://ydcleaning.com.au/services/deep-cleaning-adelaide-prospect/,200,https://ydcleaning.com.au/services/deep-cleaning-adelaide-prospect/,False,3.51,
https://ydcleaning.com.au/services/deep-cleaning-adelaide-redwood-park/,200,https://ydcleaning.com.au/services/deep-cleaning-adelaide-redwood-park/,False,3.61,
https://ydcleaning.com.au/services/deep-cleaning-adelaide-ridgehaven/,200,https://ydcleaning.com.au/services/deep-cleaning-adelaide-ridgehaven/,False,3.29,
https://ydcleaning.com.au/services/deep-cleaning-adelaide-rose-park/,200,https://ydcleaning.com.au/services/deep-cleaning-adelaide-rose-park/,False,2.73,
https://ydcleaning.com.au/services/deep-cleaning-adelaide-royal-park/,200,https://ydcleaning.com.au/services/deep-cleaning-adelaide-royal-park/,False,2.4,
https://ydcleaning.com.au/services/deep-cleaning-adelaide-salisbury-east/,200,https://ydcleaning.com.au/services/deep-cleaning-adelaide-salisbury-east/,False,2.0,
https://ydcleaning.com.au/services/deep-cleaning-adelaide-salisbury/,200,https://ydcleaning.com.au/services/deep-cleaning-adelaide-salisbury/,False,2.22,
https://ydcleaning.com.au/services/deep-cleaning-adelaide-seacliff/,200,https://ydcleaning.com.au/services/deep-cleaning-adelaide-seacliff/,False,1.49,
https://ydcleaning.com.au/services/deep-cleaning-adelaide-sefton-park/,200,https://ydcleaning.com.au/services/deep-cleaning-adelaide-sefton-park/,False,1.98,
https://ydcleaning.com.au/services/deep-cleaning-adelaide-semaphore/,200,https://ydcleaning.com.au/services/deep-cleaning-adelaide-semaphore/,False,2.18,
https://ydcleaning.com.au/services/deep-cleaning-adelaide-south-adelaide/,200,https://ydcleaning.com.au/services/deep-cleaning-adelaide-south-adelaide/,False,2.2,
https://ydcleaning.com.au/services/deep-cleaning-adelaide-st-agnes/,200,https://ydcleaning.com.au/services/deep-cleaning-adelaide-st-agnes/,False,2.19,
https://ydcleaning.com.au/services/deep-cleaning-adelaide-stirling/,200,https://ydcleaning.com.au/services/deep-cleaning-adelaide-stirling/,False,2.1,
https://ydcleaning.com.au/services/deep-cleaning-adelaide-tea-tree-gully/,200,https://ydcleaning.com.au/services/deep-cleaning-adelaide-tea-tree-gully/,False,2.11,
https://ydcleaning.com.au/services/deep-cleaning-adelaide-toorak-gardens/,200,https://ydcleaning.com.au/services/deep-cleaning-adelaide-toorak-gardens/,False,2.08,
https://ydcleaning.com.au/services/deep-cleaning-adelaide-unley-park/,200,https://ydcleaning.com.au/services/deep-cleaning-adelaide-unley-park/,False,2.01,
https://ydcleaning.com.au/services/deep-cleaning-adelaide-unley/,200,https://ydcleaning.com.au/services/deep-cleaning-adelaide-unley/,False,2.07,
https://ydcleaning.com.au/services/deep-cleaning-adelaide-victor-harbor/,200,https://ydcleaning.com.au/services/deep-cleaning-adelaide-victor-harbor/,False,1.99,
https://ydcleaning.com.au/services/deep-cleaning-adelaide-vista/,200,https://ydcleaning.com.au/services/deep-cleaning-adelaide-vista/,False,1.69,
https://ydcleaning.com.au/services/deep-cleaning-adelaide-west-adelaide/,200,https://ydcleaning.com.au/services/deep-cleaning-adelaide-west-adelaide/,False,1.5,
https://ydcleaning.com.au/services/deep-cleaning-adelaide-west-beach/,200,https://ydcleaning.com.au/services/deep-cleaning-adelaide-west-beach/,False,1.51,
https://ydcleaning.com.au/services/deep-cleaning-adelaide/,200,https://ydcleaning.com.au/services/deep-cleaning-adelaide/,False,2.0,
https://ydcleaning.com.au/services/end-of-lease-cleaning-adelaide-adelaide-cbd/,200,https://ydcleaning.com.au/services/end-of-lease-cleaning-adelaide-adelaide-cbd/,False,1.49,
https://ydcleaning.com.au/services/end-of-lease-cleaning-adelaide-aldgate/,200,https://ydcleaning.com.au/services/end-of-lease-cleaning-adelaide-aldgate/,False,1.58,
https://ydcleaning.com.au/services/end-of-lease-cleaning-adelaide-aldinga/,200,https://ydcleaning.com.au/services/end-of-lease-cleaning-adelaide-aldinga/,False,1.49,
https://ydcleaning.com.au/services/end-of-lease-cleaning-adelaide-beaumont/,200,https://ydcleaning.com.au/services/end-of-lease-cleaning-adelaide-beaumont/,False,1.51,
https://ydcleaning.com.au/services/end-of-lease-cleaning-adelaide-bridgewater/,200,https://ydcleaning.com.au/services/end-of-lease-cleaning-adelaide-bridgewater/,False,1.51,
https://ydcleaning.com.au/services/end-of-lease-cleaning-adelaide-brighton/,200,https://ydcleaning.com.au/services/end-of-lease-cleaning-adelaide-brighton/,False,1.52,
https://ydcleaning.com.au/services/end-of-lease-cleaning-adelaide-burnside/,200,https://ydcleaning.com.au/services/end-of-lease-cleaning-adelaide-burnside/,False,1.61,
https://ydcleaning.com.au/services/end-of-lease-cleaning-adelaide-christies-beach/,200,https://ydcleaning.com.au/services/end-of-lease-cleaning-adelaide-christies-beach/,False,1.59,
https://ydcleaning.com.au/services/end-of-lease-cleaning-adelaide-clearview/,200,https://ydcleaning.com.au/services/end-of-lease-cleaning-adelaide-clearview/,False,1.6,
https://ydcleaning.com.au/services/end-of-lease-cleaning-adelaide-collinswood/,200,https://ydcleaning.com.au/services/end-of-lease-cleaning-adelaide-collinswood/,False,1.61,
https://ydcleaning.com.au/services/end-of-lease-cleaning-adelaide-dulwich/,200,https://ydcleaning.com.au/services/end-of-lease-cleaning-adelaide-dulwich/,False,1.58,
https://ydcleaning.com.au/services/end-of-lease-cleaning-adelaide-east-adelaide/,200,https://ydcleaning.com.au/services/end-of-lease-cleaning-adelaide-east-adelaide/,False,1.51,
https://ydcleaning.com.au/services/end-of-lease-cleaning-adelaide-enfield/,200,https://ydcleaning.com.au/services/end-of-lease-cleaning-adelaide-enfield/,False,1.6,
https://ydcleaning.com.au/services/end-of-lease-cleaning-adelaide-fairview-park/,200,https://ydcleaning.com.au/services/end-of-lease-cleaning-adelaide-fairview-park/,False,1.59,
https://ydcleaning.com.au/services/end-of-lease-cleaning-adelaide-findon/,200,https://ydcleaning.com.au/services/end-of-lease-cleaning-adelaide-findon/,False,1.6,
https://ydcleaning.com.au/services/end-of-lease-cleaning-adelaide-gawler/,200,https://ydcleaning.com.au/services/end-of-lease-cleaning-adelaide-gawler/,False,1.67,
https://ydcleaning.com.au/services/end-of-lease-cleaning-adelaide-gepps-cross/,200,https://ydcleaning.com.au/services/end-of-lease-cleaning-adelaide-gepps-cross/,False,1.71,
https://ydcleaning.com.au/services/end-of-lease-cleaning-adelaide-glenelg/,200,https://ydcleaning.com.au/services/end-of-lease-cleaning-adelaide-glenelg/,False,1.71,
https://ydcleaning.com.au/services/end-of-lease-cleaning-adelaide-golden-grove/,200,https://ydcleaning.com.au/services/end-of-lease-cleaning-adelaide-golden-grove/,False,1.81,
https://ydcleaning.com.au/services/end-of-lease-cleaning-adelaide-grange/,200,https://ydcleaning.com.au/services/end-of-lease-cleaning-adelaide-grange/,False,1.79,
https://ydcleaning.com.au/services/end-of-lease-cleaning-adelaide-greenacres/,200,https://ydcleaning.com.au/services/end-of-lease-cleaning-adelaide-greenacres/,False,1.82,
https://ydcleaning.com.au/services/end-of-lease-cleaning-adelaide-gumeracha/,200,https://ydcleaning.com.au/services/end-of-lease-cleaning-adelaide-gumeracha/,False,1.92,
https://ydcleaning.com.au/services/end-of-lease-cleaning-adelaide-hahndorf/,200,https://ydcleaning.com.au/services/end-of-lease-cleaning-adelaide-hahndorf/,False,1.9,
https://ydcleaning.com.au/services/end-of-lease-cleaning-adelaide-hallett-cove/,200,https://ydcleaning.com.au/services/end-of-lease-cleaning-adelaide-hallett-cove/,False,1.96,
https://ydcleaning.com.au/services/end-of-lease-cleaning-adelaide-henley-beach/,200,https://ydcleaning.com.au/services/end-of-lease-cleaning-adelaide-henley-beach/,False,1.9,
https://ydcleaning.com.au/services/end-of-lease-cleaning-adelaide-highbury/,200,https://ydcleaning.com.au/services/end-of-lease-cleaning-adelaide-highbury/,False,1.89,
https://ydcleaning.com.au/services/end-of-lease-cleaning-adelaide-holden-hill/,200,https://ydcleaning.com.au/services/end-of-lease-cleaning-adelaide-holden-hill/,False,1.87,
https://ydcleaning.com.au/services/end-of-lease-cleaning-adelaide-hyde-park/,200,https://ydcleaning.com.au/services/end-of-lease-cleaning-adelaide-hyde-park/,False,1.89,
https://ydcleaning.com.au/services/end-of-lease-cleaning-adelaide-kensington-gardens/,200,https://ydcleaning.com.au/services/end-of-lease-cleaning-adelaide-kensington-gardens/,False,1.88,
https://ydcleaning.com.au/services/end-of-lease-cleaning-adelaide-kensington/,200,https://ydcleaning.com.au/services/end-of-lease-cleaning-adelaide-kensington/,False,1.89,
https://ydcleaning.com.au/services/end-of-lease-cleaning-adelaide-kent-town/,200,https://ydcleaning.com.au/services/end-of-lease-cleaning-adelaide-kent-town/,False,1.89,
https://ydcleaning.com.au/services/end-of-lease-cleaning-adelaide-kidman-park/,200,https://ydcleaning.com.au/services/end-of-lease-cleaning-adelaide-kidman-park/,False,1.89,
https://ydcleaning.com.au/services/end-of-lease-cleaning-adelaide-kilburn/,200,https://ydcleaning.com.au/services/end-of-lease-cleaning-adelaide-kilburn/,False,1.91,
https://ydcleaning.com.au/services/end-of-lease-cleaning-adelaide-klemzig/,200,https://ydcleaning.com.au/services/end-of-lease-cleaning-adelaide-klemzig/,False,1.92,
https://ydcleaning.com.au/services/end-of-lease-cleaning-adelaide-largs-bay/,200,https://ydcleaning.com.au/services/end-of-lease-cleaning-adelaide-largs-bay/,False,2.0,
https://ydcleaning.com.au/services/end-of-lease-cleaning-adelaide-malvern/,200,https://ydcleaning.com.au/services/end-of-lease-cleaning-adelaide-malvern/,False,2.03,
https://ydcleaning.com.au/services/end-of-lease-cleaning-adelaide-marion/,200,https://ydcleaning.com.au/services/end-of-lease-cleaning-adelaide-marion/,False,2.04,
https://ydcleaning.com.au/services/end-of-lease-cleaning-adelaide-mawson-lakes/,200,https://ydcleaning.com.au/services/end-of-lease-cleaning-adelaide-mawson-lakes/,False,1.99,
https://ydcleaning.com.au/services/end-of-lease-cleaning-adelaide-modbury-heights/,200,https://ydcleaning.com.au/services/end-of-lease-cleaning-adelaide-modbury-heights/,False,1.91,
https://ydcleaning.com.au/services/end-of-lease-cleaning-adelaide-modbury/,200,https://ydcleaning.com.au/services/end-of-lease-cleaning-adelaide-modbury/,False,1.9,
https://ydcleaning.com.au/services/end-of-lease-cleaning-adelaide-morphett-vale/,200,https://ydcleaning.com.au/services/end-of-lease-cleaning-adelaide-morphett-vale/,False,1.88,
https://ydcleaning.com.au/services/end-of-lease-cleaning-adelaide-mount-barker/,200,https://ydcleaning.com.au/services/end-of-lease-cleaning-adelaide-mount-barker/,False,1.8,
https://ydcleaning.com.au/services/end-of-lease-cleaning-adelaide-murray-bridge/,200,https://ydcleaning.com.au/services/end-of-lease-cleaning-adelaide-murray-bridge/,False,2.0,
https://ydcleaning.com.au/services/end-of-lease-cleaning-adelaide-noarlunga/,200,https://ydcleaning.com.au/services/end-of-lease-cleaning-adelaide-noarlunga/,False,2.2,
https://ydcleaning.com.au/services/end-of-lease-cleaning-adelaide-north-adelaide/,200,https://ydcleaning.com.au/services/end-of-lease-cleaning-adelaide-north-adelaide/,False,2.1,
https://ydcleaning.com.au/services/end-of-lease-cleaning-adelaide-norwood/,200,https://ydcleaning.com.au/services/end-of-lease-cleaning-adelaide-norwood/,False,2.06,
https://ydcleaning.com.au/services/end-of-lease-cleaning-adelaide-oaklands-park/,200,https://ydcleaning.com.au/services/end-of-lease-cleaning-adelaide-oaklands-park/,False,1.96,
https://ydcleaning.com.au/services/end-of-lease-cleaning-adelaide-parafield-gardens/,200,https://ydcleaning.com.au/services/end-of-lease-cleaning-adelaide-parafield-gardens/,False,2.0,
https://ydcleaning.com.au/services/end-of-lease-cleaning-adelaide-parafield/,200,https://ydcleaning.com.au/services/end-of-lease-cleaning-adelaide-parafield/,False,2.0,
https://ydcleaning.com.au/services/end-of-lease-cleaning-adelaide-parkside/,200,https://ydcleaning.com.au/services/end-of-lease-cleaning-adelaide-parkside/,False,1.9,
https://ydcleaning.com.au/services/end-of-lease-cleaning-adelaide-pooraka/,200,https://ydcleaning.com.au/services/end-of-lease-cleaning-adelaide-pooraka/,False,1.91,
https://ydcleaning.com.au/services/end-of-lease-cleaning-adelaide-port-adelaide/,200,https://ydcleaning.com.au/services/end-of-lease-cleaning-adelaide-port-adelaide/,False,1.9,
https://ydcleaning.com.au/services/end-of-lease-cleaning-adelaide-prospect/,200,https://ydcleaning.com.au/services/end-of-lease-cleaning-adelaide-prospect/,False,1.7,
https://ydcleaning.com.au/services/end-of-lease-cleaning-adelaide-redwood-park/,200,https://ydcleaning.com.au/services/end-of-lease-cleaning-adelaide-redwood-park/,False,1.4,
https://ydcleaning.com.au/services/end-of-lease-cleaning-adelaide-ridgehaven/,200,https://ydcleaning.com.au/services/end-of-lease-cleaning-adelaide-ridgehaven/,False,1.5,
https://ydcleaning.com.au/services/end-of-lease-cleaning-adelaide-rose-park/,200,https://ydcleaning.com.au/services/end-of-lease-cleaning-adelaide-rose-park/,False,1.43,
https://ydcleaning.com.au/services/end-of-lease-cleaning-adelaide-royal-park/,200,https://ydcleaning.com.au/services/end-of-lease-cleaning-adelaide-royal-park/,False,1.52,
https://ydcleaning.com.au/services/end-of-lease-cleaning-adelaide-salisbury-east/,200,https://ydcleaning.com.au/services/end-of-lease-cleaning-adelaide-salisbury-east/,False,1.49,
https://ydcleaning.com.au/services/end-of-lease-cleaning-adelaide-salisbury/,200,https://ydcleaning.com.au/services/end-of-lease-cleaning-adelaide-salisbury/,False,1.52,
https://ydcleaning.com.au/services/end-of-lease-cleaning-adelaide-seacliff/,200,https://ydcleaning.com.au/services/end-of-lease-cleaning-adelaide-seacliff/,False,1.58,
https://ydcleaning.com.au/services/end-of-lease-cleaning-adelaide-sefton-park/,200,https://ydcleaning.com.au/services/end-of-lease-cleaning-adelaide-sefton-park/,False,1.5,
https://ydcleaning.com.au/services/end-of-lease-cleaning-adelaide-semaphore/,200,https://ydcleaning.com.au/services/end-of-lease-cleaning-adelaide-semaphore/,False,1.61,
https://ydcleaning.com.au/services/end-of-lease-cleaning-adelaide-south-adelaide/,200,https://ydcleaning.com.au/services/end-of-lease-cleaning-adelaide-south-adelaide/,False,1.61,
https://ydcleaning.com.au/services/end-of-lease-cleaning-adelaide-st-agnes/,200,https://ydcleaning.com.au/services/end-of-lease-cleaning-adelaide-st-agnes/,False,1.7,
https://ydcleaning.com.au/services/end-of-lease-cleaning-adelaide-stirling/,200,https://ydcleaning.com.au/services/end-of-lease-cleaning-adelaide-stirling/,False,1.69,
https://ydcleaning.com.au/services/end-of-lease-cleaning-adelaide-tea-tree-gully/,200,https://ydcleaning.com.au/services/end-of-lease-cleaning-adelaide-tea-tree-gully/,False,1.79,
https://ydcleaning.com.au/services/end-of-lease-cleaning-adelaide-toorak-gardens/,200,https://ydcleaning.com.au/services/end-of-lease-cleaning-adelaide-toorak-gardens/,False,1.8,
https://ydcleaning.com.au/services/end-of-lease-cleaning-adelaide-unley-park/,200,https://ydcleaning.com.au/services/end-of-lease-cleaning-adelaide-unley-park/,False,1.91,
https://ydcleaning.com.au/services/end-of-lease-cleaning-adelaide-unley/,200,https://ydcleaning.com.au/services/end-of-lease-cleaning-adelaide-unley/,False,1.88,
https://ydcleaning.com.au/services/end-of-lease-cleaning-adelaide-victor-harbor/,200,https://ydcleaning.com.au/services/end-of-lease-cleaning-adelaide-victor-harbor/,False,1.93,
https://ydcleaning.com.au/services/end-of-lease-cleaning-adelaide-vista/,200,https://ydcleaning.com.au/services/end-of-lease-cleaning-adelaide-vista/,False,2.04,
https://ydcleaning.com.au/services/end-of-lease-cleaning-adelaide-west-adelaide/,200,https://ydcleaning.com.au/services/end-of-lease-cleaning-adelaide-west-adelaide/,False,2.0,
https://ydcleaning.com.au/services/end-of-lease-cleaning-adelaide-west-beach/,200,https://ydcleaning.com.au/services/end-of-lease-cleaning-adelaide-west-beach/,False,1.98,
https://ydcleaning.com.au/services/end-of-lease-cleaning-adelaide/,200,https://ydcleaning.com.au/services/end-of-lease-cleaning-adelaide/,False,1.5,
https://ydcleaning.com.au/services/inspection-cleaning-adelaide-adelaide-cbd/,200,https://ydcleaning.com.au/services/inspection-cleaning-adelaide-adelaide-cbd/,False,2.0,
https://ydcleaning.com.au/services/inspection-cleaning-adelaide-aldgate/,200,https://ydcleaning.com.au/services/inspection-cleaning-adelaide-aldgate/,False,1.98,
https://ydcleaning.com.au/services/inspection-cleaning-adelaide-aldinga/,200,https://ydcleaning.com.au/services/inspection-cleaning-adelaide-aldinga/,False,2.2,
https://ydcleaning.com.au/services/inspection-cleaning-adelaide-beaumont/,200,https://ydcleaning.com.au/services/inspection-cleaning-adelaide-beaumont/,False,2.39,
https://ydcleaning.com.au/services/inspection-cleaning-adelaide-bridgewater/,200,https://ydcleaning.com.au/services/inspection-cleaning-adelaide-bridgewater/,False,2.7,
https://ydcleaning.com.au/services/inspection-cleaning-adelaide-brighton/,200,https://ydcleaning.com.au/services/inspection-cleaning-adelaide-brighton/,False,3.0,
https://ydcleaning.com.au/services/inspection-cleaning-adelaide-burnside/,200,https://ydcleaning.com.au/services/inspection-cleaning-adelaide-burnside/,False,3.07,
https://ydcleaning.com.au/services/inspection-cleaning-adelaide-christies-beach/,200,https://ydcleaning.com.au/services/inspection-cleaning-adelaide-christies-beach/,False,3.16,
https://ydcleaning.com.au/services/inspection-cleaning-adelaide-clearview/,200,https://ydcleaning.com.au/services/inspection-cleaning-adelaide-clearview/,False,3.2,
https://ydcleaning.com.au/services/inspection-cleaning-adelaide-collinswood/,200,https://ydcleaning.com.au/services/inspection-cleaning-adelaide-collinswood/,False,3.22,
https://ydcleaning.com.au/services/inspection-cleaning-adelaide-dulwich/,200,https://ydcleaning.com.au/services/inspection-cleaning-adelaide-dulwich/,False,3.19,
https://ydcleaning.com.au/services/inspection-cleaning-adelaide-east-adelaide/,200,https://ydcleaning.com.au/services/inspection-cleaning-adelaide-east-adelaide/,False,3.2,
https://ydcleaning.com.au/services/inspection-cleaning-adelaide-enfield/,200,https://ydcleaning.com.au/services/inspection-cleaning-adelaide-enfield/,False,2.89,
https://ydcleaning.com.au/services/inspection-cleaning-adelaide-fairview-park/,200,https://ydcleaning.com.au/services/inspection-cleaning-adelaide-fairview-park/,False,2.68,
https://ydcleaning.com.au/services/inspection-cleaning-adelaide-findon/,200,https://ydcleaning.com.au/services/inspection-cleaning-adelaide-findon/,False,2.3,
https://ydcleaning.com.au/services/inspection-cleaning-adelaide-gawler/,200,https://ydcleaning.com.au/services/inspection-cleaning-adelaide-gawler/,False,1.99,
https://ydcleaning.com.au/services/inspection-cleaning-adelaide-gepps-cross/,200,https://ydcleaning.com.au/services/inspection-cleaning-adelaide-gepps-cross/,False,2.02,
https://ydcleaning.com.au/services/inspection-cleaning-adelaide-glenelg/,200,https://ydcleaning.com.au/services/inspection-cleaning-adelaide-glenelg/,False,2.2,
https://ydcleaning.com.au/services/inspection-cleaning-adelaide-golden-grove/,200,https://ydcleaning.com.au/services/inspection-cleaning-adelaide-golden-grove/,False,2.19,
https://ydcleaning.com.au/services/inspection-cleaning-adelaide-grange/,200,https://ydcleaning.com.au/services/inspection-cleaning-adelaide-grange/,False,2.2,
https://ydcleaning.com.au/services/inspection-cleaning-adelaide-greenacres/,200,https://ydcleaning.com.au/services/inspection-cleaning-adelaide-greenacres/,False,2.36,
https://ydcleaning.com.au/services/inspection-cleaning-adelaide-gumeracha/,200,https://ydcleaning.com.au/services/inspection-cleaning-adelaide-gumeracha/,False,2.47,
https://ydcleaning.com.au/services/inspection-cleaning-adelaide-hahndorf/,200,https://ydcleaning.com.au/services/inspection-cleaning-adelaide-hahndorf/,False,2.39,
https://ydcleaning.com.au/services/inspection-cleaning-adelaide-hallett-cove/,200,https://ydcleaning.com.au/services/inspection-cleaning-adelaide-hallett-cove/,False,2.32,
https://ydcleaning.com.au/services/inspection-cleaning-adelaide-henley-beach/,200,https://ydcleaning.com.au/services/inspection-cleaning-adelaide-henley-beach/,False,2.21,
https://ydcleaning.com.au/services/inspection-cleaning-adelaide-highbury/,200,https://ydcleaning.com.au/services/inspection-cleaning-adelaide-highbury/,False,2.28,
https://ydcleaning.com.au/services/inspection-cleaning-adelaide-holden-hill/,200,https://ydcleaning.com.au/services/inspection-cleaning-adelaide-holden-hill/,False,2.09,
https://ydcleaning.com.au/services/inspection-cleaning-adelaide-hyde-park/,200,https://ydcleaning.com.au/services/inspection-cleaning-adelaide-hyde-park/,False,1.8,
https://ydcleaning.com.au/services/inspection-cleaning-adelaide-kensington-gardens/,200,https://ydcleaning.com.au/services/inspection-cleaning-adelaide-kensington-gardens/,False,1.72,
https://ydcleaning.com.au/services/inspection-cleaning-adelaide-kensington/,200,https://ydcleaning.com.au/services/inspection-cleaning-adelaide-kensington/,False,1.7,
https://ydcleaning.com.au/services/inspection-cleaning-adelaide-kent-town/,200,https://ydcleaning.com.au/services/inspection-cleaning-adelaide-kent-town/,False,1.53,
https://ydcleaning.com.au/services/inspection-cleaning-adelaide-kidman-park/,200,https://ydcleaning.com.au/services/inspection-cleaning-adelaide-kidman-park/,False,1.35,
https://ydcleaning.com.au/services/inspection-cleaning-adelaide-kilburn/,200,https://ydcleaning.com.au/services/inspection-cleaning-adelaide-kilburn/,False,1.52,
https://ydcleaning.com.au/services/inspection-cleaning-adelaide-klemzig/,200,https://ydcleaning.com.au/services/inspection-cleaning-adelaide-klemzig/,False,1.49,
https://ydcleaning.com.au/services/inspection-cleaning-adelaide-largs-bay/,200,https://ydcleaning.com.au/services/inspection-cleaning-adelaide-largs-bay/,False,1.51,
https://ydcleaning.com.au/services/inspection-cleaning-adelaide-malvern/,200,https://ydcleaning.com.au/services/inspection-cleaning-adelaide-malvern/,False,1.51,
https://ydcleaning.com.au/services/inspection-cleaning-adelaide-marion/,200,https://ydcleaning.com.au/services/inspection-cleaning-adelaide-marion/,False,1.59,
https://ydcleaning.com.au/services/inspection-cleaning-adelaide-mawson-lakes/,200,https://ydcleaning.com.au/services/inspection-cleaning-adelaide-mawson-lakes/,False,1.49,
https://ydcleaning.com.au/services/inspection-cleaning-adelaide-modbury-heights/,200,https://ydcleaning.com.au/services/inspection-cleaning-adelaide-modbury-heights/,False,1.5,
https://ydcleaning.com.au/services/inspection-cleaning-adelaide-modbury/,200,https://ydcleaning.com.au/services/inspection-cleaning-adelaide-modbury/,False,1.6,
https://ydcleaning.com.au/services/inspection-cleaning-adelaide-morphett-vale/,200,https://ydcleaning.com.au/services/inspection-cleaning-adelaide-morphett-vale/,False,1.52,
https://ydcleaning.com.au/services/inspection-cleaning-adelaide-mount-barker/,200,https://ydcleaning.com.au/services/inspection-cleaning-adelaide-mount-barker/,False,1.49,
https://ydcleaning.com.au/services/inspection-cleaning-adelaide-murray-bridge/,200,https://ydcleaning.com.au/services/inspection-cleaning-adelaide-murray-bridge/,False,1.49,
https://ydcleaning.com.au/services/inspection-cleaning-adelaide-noarlunga/,200,https://ydcleaning.com.au/services/inspection-cleaning-adelaide-noarlunga/,False,1.6,
https://ydcleaning.com.au/services/inspection-cleaning-adelaide-north-adelaide/,200,https://ydcleaning.com.au/services/inspection-cleaning-adelaide-north-adelaide/,False,1.59,
https://ydcleaning.com.au/services/inspection-cleaning-adelaide-norwood/,200,https://ydcleaning.com.au/services/inspection-cleaning-adelaide-norwood/,False,1.6,
https://ydcleaning.com.au/services/inspection-cleaning-adelaide-oaklands-park/,200,https://ydcleaning.com.au/services/inspection-cleaning-adelaide-oaklands-park/,False,1.49,
https://ydcleaning.com.au/services/inspection-cleaning-adelaide-parafield-gardens/,200,https://ydcleaning.com.au/services/inspection-cleaning-adelaide-parafield-gardens/,False,1.49,
https://ydcleaning.com.au/services/inspection-cleaning-adelaide-parafield/,200,https://ydcleaning.com.au/services/inspection-cleaning-adelaide-parafield/,False,1.59,
https://ydcleaning.com.au/services/inspection-cleaning-adelaide-parkside/,200,https://ydcleaning.com.au/services/inspection-cleaning-adelaide-parkside/,False,1.51,
https://ydcleaning.com.au/services/inspection-cleaning-adelaide-pooraka/,200,https://ydcleaning.com.au/services/inspection-cleaning-adelaide-pooraka/,False,1.47,
https://ydcleaning.com.au/services/inspection-cleaning-adelaide-port-adelaide/,200,https://ydcleaning.com.au/services/inspection-cleaning-adelaide-port-adelaide/,False,1.58,
https://ydcleaning.com.au/services/inspection-cleaning-adelaide-prospect/,200,https://ydcleaning.com.au/services/inspection-cleaning-adelaide-prospect/,False,1.5,
https://ydcleaning.com.au/services/inspection-cleaning-adelaide-redwood-park/,200,https://ydcleaning.com.au/services/inspection-cleaning-adelaide-redwood-park/,False,1.39,
https://ydcleaning.com.au/services/inspection-cleaning-adelaide-ridgehaven/,200,https://ydcleaning.com.au/services/inspection-cleaning-adelaide-ridgehaven/,False,1.41,
https://ydcleaning.com.au/services/inspection-cleaning-adelaide-rose-park/,200,https://ydcleaning.com.au/services/inspection-cleaning-adelaide-rose-park/,False,1.39,
https://ydcleaning.com.au/services/inspection-cleaning-adelaide-royal-park/,200,https://ydcleaning.com.au/services/inspection-cleaning-adelaide-royal-park/,False,1.41,
https://ydcleaning.com.au/services/inspection-cleaning-adelaide-salisbury-east/,200,https://ydcleaning.com.au/services/inspection-cleaning-adelaide-salisbury-east/,False,1.41,
https://ydcleaning.com.au/services/inspection-cleaning-adelaide-salisbury/,200,https://ydcleaning.com.au/services/inspection-cleaning-adelaide-salisbury/,False,1.4,
https://ydcleaning.com.au/services/inspection-cleaning-adelaide-seacliff/,200,https://ydcleaning.com.au/services/inspection-cleaning-adelaide-seacliff/,False,1.47,
https://ydcleaning.com.au/services/inspection-cleaning-adelaide-sefton-park/,200,https://ydcleaning.com.au/services/inspection-cleaning-adelaide-sefton-park/,False,1.41,
https://ydcleaning.com.au/services/inspection-cleaning-adelaide-semaphore/,200,https://ydcleaning.com.au/services/inspection-cleaning-adelaide-semaphore/,False,1.44,
https://ydcleaning.com.au/services/inspection-cleaning-adelaide-south-adelaide/,200,https://ydcleaning.com.au/services/inspection-cleaning-adelaide-south-adelaide/,False,1.4,
https://ydcleaning.com.au/services/inspection-cleaning-adelaide-st-agnes/,200,https://ydcleaning.com.au/services/inspection-cleaning-adelaide-st-agnes/,False,1.51,
https://ydcleaning.com.au/services/inspection-cleaning-adelaide-stirling/,200,https://ydcleaning.com.au/services/inspection-cleaning-adelaide-stirling/,False,1.59,
https://ydcleaning.com.au/services/inspection-cleaning-adelaide-tea-tree-gully/,200,https://ydcleaning.com.au/services/inspection-cleaning-adelaide-tea-tree-gully/,False,1.6,
https://ydcleaning.com.au/services/inspection-cleaning-adelaide-toorak-gardens/,200,https://ydcleaning.com.au/services/inspection-cleaning-adelaide-toorak-gardens/,False,1.59,
https://ydcleaning.com.au/services/inspection-cleaning-adelaide-unley-park/,200,https://ydcleaning.com.au/services/inspection-cleaning-adelaide-unley-park/,False,1.59,
https://ydcleaning.com.au/services/inspection-cleaning-adelaide-unley/,200,https://ydcleaning.com.au/services/inspection-cleaning-adelaide-unley/,False,1.61,
https://ydcleaning.com.au/services/inspection-cleaning-adelaide-victor-harbor/,200,https://ydcleaning.com.au/services/inspection-cleaning-adelaide-victor-harbor/,False,1.7,
https://ydcleaning.com.au/services/inspection-cleaning-adelaide-vista/,200,https://ydcleaning.com.au/services/inspection-cleaning-adelaide-vista/,False,1.79,
https://ydcleaning.com.au/services/inspection-cleaning-adelaide-west-adelaide/,200,https://ydcleaning.com.au/services/inspection-cleaning-adelaide-west-adelaide/,False,1.68,
https://ydcleaning.com.au/services/inspection-cleaning-adelaide-west-beach/,200,https://ydcleaning.com.au/services/inspection-cleaning-adelaide-west-beach/,False,1.77,
https://ydcleaning.com.au/services/inspection-cleaning-adelaide/,200,https://ydcleaning.com.au/services/inspection-cleaning-adelaide/,False,1.4,
https://ydcleaning.com.au/services/kitchen-deep-cleaning-adelaide-adelaide-cbd/,200,https://ydcleaning.com.au/services/kitchen-deep-cleaning-adelaide-adelaide-cbd/,False,1.7,
https://ydcleaning.com.au/services/kitchen-deep-cleaning-adelaide-aldgate/,200,https://ydcleaning.com.au/services/kitchen-deep-cleaning-adelaide-aldgate/,False,1.69,
https://ydcleaning.com.au/services/kitchen-deep-cleaning-adelaide-aldinga/,200,https://ydcleaning.com.au/services/kitchen-deep-cleaning-adelaide-aldinga/,False,1.69,
https://ydcleaning.com.au/services/kitchen-deep-cleaning-adelaide-beaumont/,200,https://ydcleaning.com.au/services/kitchen-deep-cleaning-adelaide-beaumont/,False,1.98,
https://ydcleaning.com.au/services/kitchen-deep-cleaning-adelaide-bridgewater/,200,https://ydcleaning.com.au/services/kitchen-deep-cleaning-adelaide-bridgewater/,False,2.1,
https://ydcleaning.com.au/services/kitchen-deep-cleaning-adelaide-brighton/,200,https://ydcleaning.com.au/services/kitchen-deep-cleaning-adelaide-brighton/,False,2.29,
https://ydcleaning.com.au/services/kitchen-deep-cleaning-adelaide-burnside/,200,https://ydcleaning.com.au/services/kitchen-deep-cleaning-adelaide-burnside/,False,2.09,
https://ydcleaning.com.au/services/kitchen-deep-cleaning-adelaide-christies-beach/,200,https://ydcleaning.com.au/services/kitchen-deep-cleaning-adelaide-christies-beach/,False,2.11,
https://ydcleaning.com.au/services/kitchen-deep-cleaning-adelaide-clearview/,200,https://ydcleaning.com.au/services/kitchen-deep-cleaning-adelaide-clearview/,False,2.19,
https://ydcleaning.com.au/services/kitchen-deep-cleaning-adelaide-collinswood/,200,https://ydcleaning.com.au/services/kitchen-deep-cleaning-adelaide-collinswood/,False,2.13,
https://ydcleaning.com.au/services/kitchen-deep-cleaning-adelaide-dulwich/,200,https://ydcleaning.com.au/services/kitchen-deep-cleaning-adelaide-dulwich/,False,2.19,
https://ydcleaning.com.au/services/kitchen-deep-cleaning-adelaide-east-adelaide/,200,https://ydcleaning.com.au/services/kitchen-deep-cleaning-adelaide-east-adelaide/,False,2.19,
https://ydcleaning.com.au/services/kitchen-deep-cleaning-adelaide-enfield/,200,https://ydcleaning.com.au/services/kitchen-deep-cleaning-adelaide-enfield/,False,2.11,
https://ydcleaning.com.au/services/kitchen-deep-cleaning-adelaide-fairview-park/,200,https://ydcleaning.com.au/services/kitchen-deep-cleaning-adelaide-fairview-park/,False,1.81,
https://ydcleaning.com.au/services/kitchen-deep-cleaning-adelaide-findon/,200,https://ydcleaning.com.au/services/kitchen-deep-cleaning-adelaide-findon/,False,1.7,
https://ydcleaning.com.au/services/kitchen-deep-cleaning-adelaide-gawler/,200,https://ydcleaning.com.au/services/kitchen-deep-cleaning-adelaide-gawler/,False,1.6,
https://ydcleaning.com.au/services/kitchen-deep-cleaning-adelaide-gepps-cross/,200,https://ydcleaning.com.au/services/kitchen-deep-cleaning-adelaide-gepps-cross/,False,1.6,
https://ydcleaning.com.au/services/kitchen-deep-cleaning-adelaide-glenelg/,200,https://ydcleaning.com.au/services/kitchen-deep-cleaning-adelaide-glenelg/,False,1.59,
https://ydcleaning.com.au/services/kitchen-deep-cleaning-adelaide-golden-grove/,200,https://ydcleaning.com.au/services/kitchen-deep-cleaning-adelaide-golden-grove/,False,1.62,
https://ydcleaning.com.au/services/kitchen-deep-cleaning-adelaide-grange/,200,https://ydcleaning.com.au/services/kitchen-deep-cleaning-adelaide-grange/,False,1.73,
https://ydcleaning.com.au/services/kitchen-deep-cleaning-adelaide-greenacres/,200,https://ydcleaning.com.au/services/kitchen-deep-cleaning-adelaide-greenacres/,False,1.7,
https://ydcleaning.com.au/services/kitchen-deep-cleaning-adelaide-gumeracha/,200,https://ydcleaning.com.au/services/kitchen-deep-cleaning-adelaide-gumeracha/,False,1.71,
https://ydcleaning.com.au/services/kitchen-deep-cleaning-adelaide-hahndorf/,200,https://ydcleaning.com.au/services/kitchen-deep-cleaning-adelaide-hahndorf/,False,1.69,
https://ydcleaning.com.au/services/kitchen-deep-cleaning-adelaide-hallett-cove/,200,https://ydcleaning.com.au/services/kitchen-deep-cleaning-adelaide-hallett-cove/,False,1.79,
https://ydcleaning.com.au/services/kitchen-deep-cleaning-adelaide-henley-beach/,200,https://ydcleaning.com.au/services/kitchen-deep-cleaning-adelaide-henley-beach/,False,1.7,
https://ydcleaning.com.au/services/kitchen-deep-cleaning-adelaide-highbury/,200,https://ydcleaning.com.au/services/kitchen-deep-cleaning-adelaide-highbury/,False,1.71,
https://ydcleaning.com.au/services/kitchen-deep-cleaning-adelaide-holden-hill/,200,https://ydcleaning.com.au/services/kitchen-deep-cleaning-adelaide-holden-hill/,False,1.8,
https://ydcleaning.com.au/services/kitchen-deep-cleaning-adelaide-hyde-park/,200,https://ydcleaning.com.au/services/kitchen-deep-cleaning-adelaide-hyde-park/,False,1.69,
https://ydcleaning.com.au/services/kitchen-deep-cleaning-adelaide-kensington-gardens/,200,https://ydcleaning.com.au/services/kitchen-deep-cleaning-adelaide-kensington-gardens/,False,1.57,
https://ydcleaning.com.au/services/kitchen-deep-cleaning-adelaide-kensington/,200,https://ydcleaning.com.au/services/kitchen-deep-cleaning-adelaide-kensington/,False,1.68,
https://ydcleaning.com.au/services/kitchen-deep-cleaning-adelaide-kent-town/,200,https://ydcleaning.com.au/services/kitchen-deep-cleaning-adelaide-kent-town/,False,1.6,
https://ydcleaning.com.au/services/kitchen-deep-cleaning-adelaide-kidman-park/,200,https://ydcleaning.com.au/services/kitchen-deep-cleaning-adelaide-kidman-park/,False,1.6,
https://ydcleaning.com.au/services/kitchen-deep-cleaning-adelaide-kilburn/,200,https://ydcleaning.com.au/services/kitchen-deep-cleaning-adelaide-kilburn/,False,1.6,
https://ydcleaning.com.au/services/kitchen-deep-cleaning-adelaide-klemzig/,200,https://ydcleaning.com.au/services/kitchen-deep-cleaning-adelaide-klemzig/,False,1.5,
https://ydcleaning.com.au/services/kitchen-deep-cleaning-adelaide-largs-bay/,200,https://ydcleaning.com.au/services/kitchen-deep-cleaning-adelaide-largs-bay/,False,1.58,
https://ydcleaning.com.au/services/kitchen-deep-cleaning-adelaide-malvern/,200,https://ydcleaning.com.au/services/kitchen-deep-cleaning-adelaide-malvern/,False,1.49,
https://ydcleaning.com.au/services/kitchen-deep-cleaning-adelaide-marion/,200,https://ydcleaning.com.au/services/kitchen-deep-cleaning-adelaide-marion/,False,1.49,
https://ydcleaning.com.au/services/kitchen-deep-cleaning-adelaide-mawson-lakes/,200,https://ydcleaning.com.au/services/kitchen-deep-cleaning-adelaide-mawson-lakes/,False,1.52,
https://ydcleaning.com.au/services/kitchen-deep-cleaning-adelaide-modbury-heights/,200,https://ydcleaning.com.au/services/kitchen-deep-cleaning-adelaide-modbury-heights/,False,1.59,
https://ydcleaning.com.au/services/kitchen-deep-cleaning-adelaide-modbury/,200,https://ydcleaning.com.au/services/kitchen-deep-cleaning-adelaide-modbury/,False,1.5,
https://ydcleaning.com.au/services/kitchen-deep-cleaning-adelaide-morphett-vale/,200,https://ydcleaning.com.au/services/kitchen-deep-cleaning-adelaide-morphett-vale/,False,1.61,
https://ydcleaning.com.au/services/kitchen-deep-cleaning-adelaide-mount-barker/,200,https://ydcleaning.com.au/services/kitchen-deep-cleaning-adelaide-mount-barker/,False,1.5,
https://ydcleaning.com.au/services/kitchen-deep-cleaning-adelaide-murray-bridge/,200,https://ydcleaning.com.au/services/kitchen-deep-cleaning-adelaide-murray-bridge/,False,1.6,
https://ydcleaning.com.au/services/kitchen-deep-cleaning-adelaide-noarlunga/,200,https://ydcleaning.com.au/services/kitchen-deep-cleaning-adelaide-noarlunga/,False,1.6,
https://ydcleaning.com.au/services/kitchen-deep-cleaning-adelaide-north-adelaide/,200,https://ydcleaning.com.au/services/kitchen-deep-cleaning-adelaide-north-adelaide/,False,1.62,
https://ydcleaning.com.au/services/kitchen-deep-cleaning-adelaide-norwood/,200,https://ydcleaning.com.au/services/kitchen-deep-cleaning-adelaide-norwood/,False,1.71,
https://ydcleaning.com.au/services/kitchen-deep-cleaning-adelaide-oaklands-park/,200,https://ydcleaning.com.au/services/kitchen-deep-cleaning-adelaide-oaklands-park/,False,1.7,
https://ydcleaning.com.au/services/kitchen-deep-cleaning-adelaide-parafield-gardens/,200,https://ydcleaning.com.au/services/kitchen-deep-cleaning-adelaide-parafield-gardens/,False,1.8,
https://ydcleaning.com.au/services/kitchen-deep-cleaning-adelaide-parafield/,200,https://ydcleaning.com.au/services/kitchen-deep-cleaning-adelaide-parafield/,False,1.8,
https://ydcleaning.com.au/services/kitchen-deep-cleaning-adelaide-parkside/,200,https://ydcleaning.com.au/services/kitchen-deep-cleaning-adelaide-parkside/,False,1.7,
https://ydcleaning.com.au/services/kitchen-deep-cleaning-adelaide-pooraka/,200,https://ydcleaning.com.au/services/kitchen-deep-cleaning-adelaide-pooraka/,False,1.68,
https://ydcleaning.com.au/services/kitchen-deep-cleaning-adelaide-port-adelaide/,200,https://ydcleaning.com.au/services/kitchen-deep-cleaning-adelaide-port-adelaide/,False,1.79,
https://ydcleaning.com.au/services/kitchen-deep-cleaning-adelaide-prospect/,200,https://ydcleaning.com.au/services/kitchen-deep-cleaning-adelaide-prospect/,False,1.71,
https://ydcleaning.com.au/services/kitchen-deep-cleaning-adelaide-redwood-park/,200,https://ydcleaning.com.au/services/kitchen-deep-cleaning-adelaide-redwood-park/,False,1.81,
https://ydcleaning.com.au/services/kitchen-deep-cleaning-adelaide-ridgehaven/,200,https://ydcleaning.com.au/services/kitchen-deep-cleaning-adelaide-ridgehaven/,False,1.8,
https://ydcleaning.com.au/services/kitchen-deep-cleaning-adelaide-rose-park/,200,https://ydcleaning.com.au/services/kitchen-deep-cleaning-adelaide-rose-park/,False,1.8,
https://ydcleaning.com.au/services/kitchen-deep-cleaning-adelaide-royal-park/,200,https://ydcleaning.com.au/services/kitchen-deep-cleaning-adelaide-royal-park/,False,1.78,
https://ydcleaning.com.au/services/kitchen-deep-cleaning-adelaide-salisbury-east/,200,https://ydcleaning.com.au/services/kitchen-deep-cleaning-adelaide-salisbury-east/,False,1.7,
https://ydcleaning.com.au/services/kitchen-deep-cleaning-adelaide-salisbury/,200,https://ydcleaning.com.au/services/kitchen-deep-cleaning-adelaide-salisbury/,False,1.7,
https://ydcleaning.com.au/services/kitchen-deep-cleaning-adelaide-seacliff/,200,https://ydcleaning.com.au/services/kitchen-deep-cleaning-adelaide-seacliff/,False,1.8,
https://ydcleaning.com.au/services/kitchen-deep-cleaning-adelaide-sefton-park/,200,https://ydcleaning.com.au/services/kitchen-deep-cleaning-adelaide-sefton-park/,False,1.91,
https://ydcleaning.com.au/services/kitchen-deep-cleaning-adelaide-semaphore/,200,https://ydcleaning.com.au/services/kitchen-deep-cleaning-adelaide-semaphore/,False,2.3,
https://ydcleaning.com.au/services/kitchen-deep-cleaning-adelaide-south-adelaide/,200,https://ydcleaning.com.au/services/kitchen-deep-cleaning-adelaide-south-adelaide/,False,2.4,
https://ydcleaning.com.au/services/kitchen-deep-cleaning-adelaide-st-agnes/,200,https://ydcleaning.com.au/services/kitchen-deep-cleaning-adelaide-st-agnes/,False,2.39,
https://ydcleaning.com.au/services/kitchen-deep-cleaning-adelaide-stirling/,200,https://ydcleaning.com.au/services/kitchen-deep-cleaning-adelaide-stirling/,False,2.4,
https://ydcleaning.com.au/services/kitchen-deep-cleaning-adelaide-tea-tree-gully/,200,https://ydcleaning.com.au/services/kitchen-deep-cleaning-adelaide-tea-tree-gully/,False,2.39,
https://ydcleaning.com.au/services/kitchen-deep-cleaning-adelaide-toorak-gardens/,200,https://ydcleaning.com.au/services/kitchen-deep-cleaning-adelaide-toorak-gardens/,False,2.42,
https://ydcleaning.com.au/services/kitchen-deep-cleaning-adelaide-unley-park/,200,https://ydcleaning.com.au/services/kitchen-deep-cleaning-adelaide-unley-park/,False,2.39,
https://ydcleaning.com.au/services/kitchen-deep-cleaning-adelaide-unley/,200,https://ydcleaning.com.au/services/kitchen-deep-cleaning-adelaide-unley/,False,2.49,
https://ydcleaning.com.au/services/kitchen-deep-cleaning-adelaide-victor-harbor/,200,https://ydcleaning.com.au/services/kitchen-deep-cleaning-adelaide-victor-harbor/,False,2.39,
https://ydcleaning.com.au/services/kitchen-deep-cleaning-adelaide-vista/,200,https://ydcleaning.com.au/services/kitchen-deep-cleaning-adelaide-vista/,False,2.29,
https://ydcleaning.com.au/services/kitchen-deep-cleaning-adelaide-west-adelaide/,200,https://ydcleaning.com.au/services/kitchen-deep-cleaning-adelaide-west-adelaide/,False,1.8,
https://ydcleaning.com.au/services/kitchen-deep-cleaning-adelaide-west-beach/,200,https://ydcleaning.com.au/services/kitchen-deep-cleaning-adelaide-west-beach/,False,1.77,
https://ydcleaning.com.au/services/kitchen-deep-cleaning-adelaide/,200,https://ydcleaning.com.au/services/kitchen-deep-cleaning-adelaide/,False,1.35,
https://ydcleaning.com.au/services/medical-cleaning-adelaide-adelaide-cbd/,200,https://ydcleaning.com.au/services/medical-cleaning-adelaide-adelaide-cbd/,False,1.69,
https://ydcleaning.com.au/services/medical-cleaning-adelaide-aldgate/,200,https://ydcleaning.com.au/services/medical-cleaning-adelaide-aldgate/,False,1.59,
https://ydcleaning.com.au/services/medical-cleaning-adelaide-aldinga/,200,https://ydcleaning.com.au/services/medical-cleaning-adelaide-aldinga/,False,1.6,
https://ydcleaning.com.au/services/medical-cleaning-adelaide-beaumont/,200,https://ydcleaning.com.au/services/medical-cleaning-adelaide-beaumont/,False,1.49,
https://ydcleaning.com.au/services/medical-cleaning-adelaide-bridgewater/,200,https://ydcleaning.com.au/services/medical-cleaning-adelaide-bridgewater/,False,1.49,
https://ydcleaning.com.au/services/medical-cleaning-adelaide-brighton/,200,https://ydcleaning.com.au/services/medical-cleaning-adelaide-brighton/,False,1.5,
https://ydcleaning.com.au/services/medical-cleaning-adelaide-burnside/,200,https://ydcleaning.com.au/services/medical-cleaning-adelaide-burnside/,False,1.39,
https://ydcleaning.com.au/services/medical-cleaning-adelaide-christies-beach/,200,https://ydcleaning.com.au/services/medical-cleaning-adelaide-christies-beach/,False,1.39,
https://ydcleaning.com.au/services/medical-cleaning-adelaide-clearview/,200,https://ydcleaning.com.au/services/medical-cleaning-adelaide-clearview/,False,1.5,
https://ydcleaning.com.au/services/medical-cleaning-adelaide-collinswood/,200,https://ydcleaning.com.au/services/medical-cleaning-adelaide-collinswood/,False,1.5,
https://ydcleaning.com.au/services/medical-cleaning-adelaide-dulwich/,200,https://ydcleaning.com.au/services/medical-cleaning-adelaide-dulwich/,False,1.52,
https://ydcleaning.com.au/services/medical-cleaning-adelaide-east-adelaide/,200,https://ydcleaning.com.au/services/medical-cleaning-adelaide-east-adelaide/,False,1.6,
https://ydcleaning.com.au/services/medical-cleaning-adelaide-enfield/,200,https://ydcleaning.com.au/services/medical-cleaning-adelaide-enfield/,False,1.58,
https://ydcleaning.com.au/services/medical-cleaning-adelaide-fairview-park/,200,https://ydcleaning.com.au/services/medical-cleaning-adelaide-fairview-park/,False,1.6,
https://ydcleaning.com.au/services/medical-cleaning-adelaide-findon/,200,https://ydcleaning.com.au/services/medical-cleaning-adelaide-findon/,False,1.59,
https://ydcleaning.com.au/services/medical-cleaning-adelaide-gawler/,200,https://ydcleaning.com.au/services/medical-cleaning-adelaide-gawler/,False,1.81,
https://ydcleaning.com.au/services/medical-cleaning-adelaide-gepps-cross/,200,https://ydcleaning.com.au/services/medical-cleaning-adelaide-gepps-cross/,False,1.8,
https://ydcleaning.com.au/services/medical-cleaning-adelaide-glenelg/,200,https://ydcleaning.com.au/services/medical-cleaning-adelaide-glenelg/,False,1.71,
https://ydcleaning.com.au/services/medical-cleaning-adelaide-golden-grove/,200,https://ydcleaning.com.au/services/medical-cleaning-adelaide-golden-grove/,False,1.7,
https://ydcleaning.com.au/services/medical-cleaning-adelaide-grange/,200,https://ydcleaning.com.au/services/medical-cleaning-adelaide-grange/,False,1.61,
https://ydcleaning.com.au/services/medical-cleaning-adelaide-greenacres/,200,https://ydcleaning.com.au/services/medical-cleaning-adelaide-greenacres/,False,1.68,
https://ydcleaning.com.au/services/medical-cleaning-adelaide-gumeracha/,200,https://ydcleaning.com.au/services/medical-cleaning-adelaide-gumeracha/,False,1.59,
https://ydcleaning.com.au/services/medical-cleaning-adelaide-hahndorf/,200,https://ydcleaning.com.au/services/medical-cleaning-adelaide-hahndorf/,False,1.52,
https://ydcleaning.com.au/services/medical-cleaning-adelaide-hallett-cove/,200,https://ydcleaning.com.au/services/medical-cleaning-adelaide-hallett-cove/,False,1.58,
https://ydcleaning.com.au/services/medical-cleaning-adelaide-henley-beach/,200,https://ydcleaning.com.au/services/medical-cleaning-adelaide-henley-beach/,False,1.52,
https://ydcleaning.com.au/services/medical-cleaning-adelaide-highbury/,200,https://ydcleaning.com.au/services/medical-cleaning-adelaide-highbury/,False,1.29,
https://ydcleaning.com.au/services/medical-cleaning-adelaide-holden-hill/,200,https://ydcleaning.com.au/services/medical-cleaning-adelaide-holden-hill/,False,1.41,
https://ydcleaning.com.au/services/medical-cleaning-adelaide-hyde-park/,200,https://ydcleaning.com.au/services/medical-cleaning-adelaide-hyde-park/,False,1.4,
https://ydcleaning.com.au/services/medical-cleaning-adelaide-kensington-gardens/,200,https://ydcleaning.com.au/services/medical-cleaning-adelaide-kensington-gardens/,False,1.22,
https://ydcleaning.com.au/services/medical-cleaning-adelaide-kensington/,200,https://ydcleaning.com.au/services/medical-cleaning-adelaide-kensington/,False,1.53,
https://ydcleaning.com.au/services/medical-cleaning-adelaide-kent-town/,200,https://ydcleaning.com.au/services/medical-cleaning-adelaide-kent-town/,False,1.42,
https://ydcleaning.com.au/services/medical-cleaning-adelaide-kidman-park/,200,https://ydcleaning.com.au/services/medical-cleaning-adelaide-kidman-park/,False,1.49,
https://ydcleaning.com.au/services/medical-cleaning-adelaide-kilburn/,200,https://ydcleaning.com.au/services/medical-cleaning-adelaide-kilburn/,False,1.58,
https://ydcleaning.com.au/services/medical-cleaning-adelaide-klemzig/,200,https://ydcleaning.com.au/services/medical-cleaning-adelaide-klemzig/,False,1.53,
https://ydcleaning.com.au/services/medical-cleaning-adelaide-largs-bay/,200,https://ydcleaning.com.au/services/medical-cleaning-adelaide-largs-bay/,False,1.59,
https://ydcleaning.com.au/services/medical-cleaning-adelaide-malvern/,200,https://ydcleaning.com.au/services/medical-cleaning-adelaide-malvern/,False,1.71,
https://ydcleaning.com.au/services/medical-cleaning-adelaide-marion/,200,https://ydcleaning.com.au/services/medical-cleaning-adelaide-marion/,False,1.71,
https://ydcleaning.com.au/services/medical-cleaning-adelaide-mawson-lakes/,200,https://ydcleaning.com.au/services/medical-cleaning-adelaide-mawson-lakes/,False,1.84,
https://ydcleaning.com.au/services/medical-cleaning-adelaide-modbury-heights/,200,https://ydcleaning.com.au/services/medical-cleaning-adelaide-modbury-heights/,False,1.97,
https://ydcleaning.com.au/services/medical-cleaning-adelaide-modbury/,200,https://ydcleaning.com.au/services/medical-cleaning-adelaide-modbury/,False,1.98,
https://ydcleaning.com.au/services/medical-cleaning-adelaide-morphett-vale/,200,https://ydcleaning.com.au/services/medical-cleaning-adelaide-morphett-vale/,False,1.88,
https://ydcleaning.com.au/services/medical-cleaning-adelaide-mount-barker/,200,https://ydcleaning.com.au/services/medical-cleaning-adelaide-mount-barker/,False,1.92,
https://ydcleaning.com.au/services/medical-cleaning-adelaide-murray-bridge/,200,https://ydcleaning.com.au/services/medical-cleaning-adelaide-murray-bridge/,False,1.92,
https://ydcleaning.com.au/services/medical-cleaning-adelaide-noarlunga/,200,https://ydcleaning.com.au/services/medical-cleaning-adelaide-noarlunga/,False,2.23,
https://ydcleaning.com.au/services/medical-cleaning-adelaide-north-adelaide/,200,https://ydcleaning.com.au/services/medical-cleaning-adelaide-north-adelaide/,False,2.51,
https://ydcleaning.com.au/services/medical-cleaning-adelaide-norwood/,200,https://ydcleaning.com.au/services/medical-cleaning-adelaide-norwood/,False,2.49,
https://ydcleaning.com.au/services/medical-cleaning-adelaide-oaklands-park/,200,https://ydcleaning.com.au/services/medical-cleaning-adelaide-oaklands-park/,False,2.47,
https://ydcleaning.com.au/services/medical-cleaning-adelaide-parafield-gardens/,200,https://ydcleaning.com.au/services/medical-cleaning-adelaide-parafield-gardens/,False,2.31,
https://ydcleaning.com.au/services/medical-cleaning-adelaide-parafield/,200,https://ydcleaning.com.au/services/medical-cleaning-adelaide-parafield/,False,2.45,
https://ydcleaning.com.au/services/medical-cleaning-adelaide-parkside/,200,https://ydcleaning.com.au/services/medical-cleaning-adelaide-parkside/,False,2.4,
https://ydcleaning.com.au/services/medical-cleaning-adelaide-pooraka/,200,https://ydcleaning.com.au/services/medical-cleaning-adelaide-pooraka/,False,2.49,
https://ydcleaning.com.au/services/medical-cleaning-adelaide-port-adelaide/,200,https://ydcleaning.com.au/services/medical-cleaning-adelaide-port-adelaide/,False,2.39,
https://ydcleaning.com.au/services/medical-cleaning-adelaide-prospect/,200,https://ydcleaning.com.au/services/medical-cleaning-adelaide-prospect/,False,2.4,
https://ydcleaning.com.au/services/medical-cleaning-adelaide-redwood-park/,200,https://ydcleaning.com.au/services/medical-cleaning-adelaide-redwood-park/,False,2.14,
https://ydcleaning.com.au/services/medical-cleaning-adelaide-ridgehaven/,200,https://ydcleaning.com.au/services/medical-cleaning-adelaide-ridgehaven/,False,1.9,
https://ydcleaning.com.au/services/medical-cleaning-adelaide-rose-park/,200,https://ydcleaning.com.au/services/medical-cleaning-adelaide-rose-park/,False,1.91,
https://ydcleaning.com.au/services/medical-cleaning-adelaide-royal-park/,200,https://ydcleaning.com.au/services/medical-cleaning-adelaide-royal-park/,False,1.9,
https://ydcleaning.com.au/services/medical-cleaning-adelaide-salisbury-east/,200,https://ydcleaning.com.au/services/medical-cleaning-adelaide-salisbury-east/,False,1.91,
https://ydcleaning.com.au/services/medical-cleaning-adelaide-salisbury/,200,https://ydcleaning.com.au/services/medical-cleaning-adelaide-salisbury/,False,1.8,
https://ydcleaning.com.au/services/medical-cleaning-adelaide-seacliff/,200,https://ydcleaning.com.au/services/medical-cleaning-adelaide-seacliff/,False,1.82,
https://ydcleaning.com.au/services/medical-cleaning-adelaide-sefton-park/,200,https://ydcleaning.com.au/services/medical-cleaning-adelaide-sefton-park/,False,1.8,
https://ydcleaning.com.au/services/medical-cleaning-adelaide-semaphore/,200,https://ydcleaning.com.au/services/medical-cleaning-adelaide-semaphore/,False,1.92,
https://ydcleaning.com.au/services/medical-cleaning-adelaide-south-adelaide/,200,https://ydcleaning.com.au/services/medical-cleaning-adelaide-south-adelaide/,False,1.97,
https://ydcleaning.com.au/services/medical-cleaning-adelaide-st-agnes/,200,https://ydcleaning.com.au/services/medical-cleaning-adelaide-st-agnes/,False,2.0,
https://ydcleaning.com.au/services/medical-cleaning-adelaide-stirling/,200,https://ydcleaning.com.au/services/medical-cleaning-adelaide-stirling/,False,1.97,
https://ydcleaning.com.au/services/medical-cleaning-adelaide-tea-tree-gully/,200,https://ydcleaning.com.au/services/medical-cleaning-adelaide-tea-tree-gully/,False,1.97,
https://ydcleaning.com.au/services/medical-cleaning-adelaide-toorak-gardens/,200,https://ydcleaning.com.au/services/medical-cleaning-adelaide-toorak-gardens/,False,1.9,
https://ydcleaning.com.au/services/medical-cleaning-adelaide-unley-park/,200,https://ydcleaning.com.au/services/medical-cleaning-adelaide-unley-park/,False,2.37,
https://ydcleaning.com.au/services/medical-cleaning-adelaide-unley/,200,https://ydcleaning.com.au/services/medical-cleaning-adelaide-unley/,False,1.99,
https://ydcleaning.com.au/services/medical-cleaning-adelaide-victor-harbor/,200,https://ydcleaning.com.au/services/medical-cleaning-adelaide-victor-harbor/,False,2.76,
https://ydcleaning.com.au/services/medical-cleaning-adelaide-vista/,200,https://ydcleaning.com.au/services/medical-cleaning-adelaide-vista/,False,3.38,
https://ydcleaning.com.au/services/medical-cleaning-adelaide-west-adelaide/,200,https://ydcleaning.com.au/services/medical-cleaning-adelaide-west-adelaide/,False,3.25,
https://ydcleaning.com.au/services/medical-cleaning-adelaide-west-beach/,200,https://ydcleaning.com.au/services/medical-cleaning-adelaide-west-beach/,False,3.51,
https://ydcleaning.com.au/services/medical-cleaning-adelaide/,200,https://ydcleaning.com.au/services/medical-cleaning-adelaide/,False,1.41,
https://ydcleaning.com.au/services/move-in-cleaning-adelaide-adelaide-cbd/,200,https://ydcleaning.com.au/services/move-in-cleaning-adelaide-adelaide-cbd/,False,3.91,
https://ydcleaning.com.au/services/move-in-cleaning-adelaide-aldgate/,200,https://ydcleaning.com.au/services/move-in-cleaning-adelaide-aldgate/,False,3.73,
https://ydcleaning.com.au/services/move-in-cleaning-adelaide-aldinga/,200,https://ydcleaning.com.au/services/move-in-cleaning-adelaide-aldinga/,False,3.53,
https://ydcleaning.com.au/services/move-in-cleaning-adelaide-beaumont/,200,https://ydcleaning.com.au/services/move-in-cleaning-adelaide-beaumont/,False,3.6,
https://ydcleaning.com.au/services/move-in-cleaning-adelaide-bridgewater/,200,https://ydcleaning.com.au/services/move-in-cleaning-adelaide-bridgewater/,False,3.71,
https://ydcleaning.com.au/services/move-in-cleaning-adelaide-brighton/,200,https://ydcleaning.com.au/services/move-in-cleaning-adelaide-brighton/,False,3.32,
https://ydcleaning.com.au/services/move-in-cleaning-adelaide-burnside/,200,https://ydcleaning.com.au/services/move-in-cleaning-adelaide-burnside/,False,2.92,
https://ydcleaning.com.au/services/move-in-cleaning-adelaide-christies-beach/,200,https://ydcleaning.com.au/services/move-in-cleaning-adelaide-christies-beach/,False,2.28,
https://ydcleaning.com.au/services/move-in-cleaning-adelaide-clearview/,200,https://ydcleaning.com.au/services/move-in-cleaning-adelaide-clearview/,False,2.31,
https://ydcleaning.com.au/services/move-in-cleaning-adelaide-collinswood/,200,https://ydcleaning.com.au/services/move-in-cleaning-adelaide-collinswood/,False,1.92,
https://ydcleaning.com.au/services/move-in-cleaning-adelaide-dulwich/,200,https://ydcleaning.com.au/services/move-in-cleaning-adelaide-dulwich/,False,2.09,
https://ydcleaning.com.au/services/move-in-cleaning-adelaide-east-adelaide/,200,https://ydcleaning.com.au/services/move-in-cleaning-adelaide-east-adelaide/,False,1.58,
https://ydcleaning.com.au/services/move-in-cleaning-adelaide-enfield/,200,https://ydcleaning.com.au/services/move-in-cleaning-adelaide-enfield/,False,1.49,
https://ydcleaning.com.au/services/move-in-cleaning-adelaide-fairview-park/,200,https://ydcleaning.com.au/services/move-in-cleaning-adelaide-fairview-park/,False,2.19,
https://ydcleaning.com.au/services/move-in-cleaning-adelaide-findon/,200,https://ydcleaning.com.au/services/move-in-cleaning-adelaide-findon/,False,2.08,
https://ydcleaning.com.au/services/move-in-cleaning-adelaide-gawler/,200,https://ydcleaning.com.au/services/move-in-cleaning-adelaide-gawler/,False,2.08,
https://ydcleaning.com.au/services/move-in-cleaning-adelaide-gepps-cross/,200,https://ydcleaning.com.au/services/move-in-cleaning-adelaide-gepps-cross/,False,1.99,
https://ydcleaning.com.au/services/move-in-cleaning-adelaide-glenelg/,200,https://ydcleaning.com.au/services/move-in-cleaning-adelaide-glenelg/,False,2.01,
https://ydcleaning.com.au/services/move-in-cleaning-adelaide-golden-grove/,200,https://ydcleaning.com.au/services/move-in-cleaning-adelaide-golden-grove/,False,2.0,
https://ydcleaning.com.au/services/move-in-cleaning-adelaide-grange/,200,https://ydcleaning.com.au/services/move-in-cleaning-adelaide-grange/,False,1.98,
https://ydcleaning.com.au/services/move-in-cleaning-adelaide-greenacres/,200,https://ydcleaning.com.au/services/move-in-cleaning-adelaide-greenacres/,False,1.97,
https://ydcleaning.com.au/services/move-in-cleaning-adelaide-gumeracha/,200,https://ydcleaning.com.au/services/move-in-cleaning-adelaide-gumeracha/,False,2.0,
https://ydcleaning.com.au/services/move-in-cleaning-adelaide-hahndorf/,200,https://ydcleaning.com.au/services/move-in-cleaning-adelaide-hahndorf/,False,1.6,
https://ydcleaning.com.au/services/move-in-cleaning-adelaide-hallett-cove/,200,https://ydcleaning.com.au/services/move-in-cleaning-adelaide-hallett-cove/,False,1.49,
https://ydcleaning.com.au/services/move-in-cleaning-adelaide-henley-beach/,200,https://ydcleaning.com.au/services/move-in-cleaning-adelaide-henley-beach/,False,1.51,
https://ydcleaning.com.au/services/move-in-cleaning-adelaide-highbury/,200,https://ydcleaning.com.au/services/move-in-cleaning-adelaide-highbury/,False,1.5,
https://ydcleaning.com.au/services/move-in-cleaning-adelaide-holden-hill/,200,https://ydcleaning.com.au/services/move-in-cleaning-adelaide-holden-hill/,False,1.58,
https://ydcleaning.com.au/services/move-in-cleaning-adelaide-hyde-park/,200,https://ydcleaning.com.au/services/move-in-cleaning-adelaide-hyde-park/,False,1.51,
https://ydcleaning.com.au/services/move-in-cleaning-adelaide-kensington-gardens/,200,https://ydcleaning.com.au/services/move-in-cleaning-adelaide-kensington-gardens/,False,1.68,
https://ydcleaning.com.au/services/move-in-cleaning-adelaide-kensington/,200,https://ydcleaning.com.au/services/move-in-cleaning-adelaide-kensington/,False,1.6,
https://ydcleaning.com.au/services/move-in-cleaning-adelaide-kent-town/,200,https://ydcleaning.com.au/services/move-in-cleaning-adelaide-kent-town/,False,1.61,
https://ydcleaning.com.au/services/move-in-cleaning-adelaide-kidman-park/,200,https://ydcleaning.com.au/services/move-in-cleaning-adelaide-kidman-park/,False,1.71,
https://ydcleaning.com.au/services/move-in-cleaning-adelaide-kilburn/,200,https://ydcleaning.com.au/services/move-in-cleaning-adelaide-kilburn/,False,1.8,
https://ydcleaning.com.au/services/move-in-cleaning-adelaide-klemzig/,200,https://ydcleaning.com.au/services/move-in-cleaning-adelaide-klemzig/,False,1.72,
https://ydcleaning.com.au/services/move-in-cleaning-adelaide-largs-bay/,200,https://ydcleaning.com.au/services/move-in-cleaning-adelaide-largs-bay/,False,1.8,
https://ydcleaning.com.au/services/move-in-cleaning-adelaide-malvern/,200,https://ydcleaning.com.au/services/move-in-cleaning-adelaide-malvern/,False,1.79,
https://ydcleaning.com.au/services/move-in-cleaning-adelaide-marion/,200,https://ydcleaning.com.au/services/move-in-cleaning-adelaide-marion/,False,1.71,
https://ydcleaning.com.au/services/move-in-cleaning-adelaide-mawson-lakes/,200,https://ydcleaning.com.au/services/move-in-cleaning-adelaide-mawson-lakes/,False,1.83,
https://ydcleaning.com.au/services/move-in-cleaning-adelaide-modbury-heights/,200,https://ydcleaning.com.au/services/move-in-cleaning-adelaide-modbury-heights/,False,1.81,
https://ydcleaning.com.au/services/move-in-cleaning-adelaide-modbury/,200,https://ydcleaning.com.au/services/move-in-cleaning-adelaide-modbury/,False,1.79,
https://ydcleaning.com.au/services/move-in-cleaning-adelaide-morphett-vale/,200,https://ydcleaning.com.au/services/move-in-cleaning-adelaide-morphett-vale/,False,1.89,
https://ydcleaning.com.au/services/move-in-cleaning-adelaide-mount-barker/,200,https://ydcleaning.com.au/services/move-in-cleaning-adelaide-mount-barker/,False,1.8,
https://ydcleaning.com.au/services/move-in-cleaning-adelaide-murray-bridge/,200,https://ydcleaning.com.au/services/move-in-cleaning-adelaide-murray-bridge/,False,1.81,
https://ydcleaning.com.au/services/move-in-cleaning-adelaide-noarlunga/,200,https://ydcleaning.com.au/services/move-in-cleaning-adelaide-noarlunga/,False,1.94,
https://ydcleaning.com.au/services/move-in-cleaning-adelaide-north-adelaide/,200,https://ydcleaning.com.au/services/move-in-cleaning-adelaide-north-adelaide/,False,1.81,
https://ydcleaning.com.au/services/move-in-cleaning-adelaide-norwood/,200,https://ydcleaning.com.au/services/move-in-cleaning-adelaide-norwood/,False,1.82,
https://ydcleaning.com.au/services/move-in-cleaning-adelaide-oaklands-park/,200,https://ydcleaning.com.au/services/move-in-cleaning-adelaide-oaklands-park/,False,1.92,
https://ydcleaning.com.au/services/move-in-cleaning-adelaide-parafield-gardens/,200,https://ydcleaning.com.au/services/move-in-cleaning-adelaide-parafield-gardens/,False,1.89,
https://ydcleaning.com.au/services/move-in-cleaning-adelaide-parafield/,200,https://ydcleaning.com.au/services/move-in-cleaning-adelaide-parafield/,False,1.87,
https://ydcleaning.com.au/services/move-in-cleaning-adelaide-parkside/,200,https://ydcleaning.com.au/services/move-in-cleaning-adelaide-parkside/,False,1.86,
https://ydcleaning.com.au/services/move-in-cleaning-adelaide-pooraka/,200,https://ydcleaning.com.au/services/move-in-cleaning-adelaide-pooraka/,False,1.85,
https://ydcleaning.com.au/services/move-in-cleaning-adelaide-port-adelaide/,200,https://ydcleaning.com.au/services/move-in-cleaning-adelaide-port-adelaide/,False,1.95,
https://ydcleaning.com.au/services/move-in-cleaning-adelaide-prospect/,200,https://ydcleaning.com.au/services/move-in-cleaning-adelaide-prospect/,False,1.85,
https://ydcleaning.com.au/services/move-in-cleaning-adelaide-redwood-park/,200,https://ydcleaning.com.au/services/move-in-cleaning-adelaide-redwood-park/,False,1.73,
https://ydcleaning.com.au/services/move-in-cleaning-adelaide-ridgehaven/,200,https://ydcleaning.com.au/services/move-in-cleaning-adelaide-ridgehaven/,False,1.79,
https://ydcleaning.com.au/services/move-in-cleaning-adelaide-rose-park/,200,https://ydcleaning.com.au/services/move-in-cleaning-adelaide-rose-park/,False,1.77,
https://ydcleaning.com.au/services/move-in-cleaning-adelaide-royal-park/,200,https://ydcleaning.com.au/services/move-in-cleaning-adelaide-royal-park/,False,1.69,
https://ydcleaning.com.au/services/move-in-cleaning-adelaide-salisbury-east/,200,https://ydcleaning.com.au/services/move-in-cleaning-adelaide-salisbury-east/,False,1.7,
https://ydcleaning.com.au/services/move-in-cleaning-adelaide-salisbury/,200,https://ydcleaning.com.au/services/move-in-cleaning-adelaide-salisbury/,False,1.69,
https://ydcleaning.com.au/services/move-in-cleaning-adelaide-seacliff/,200,https://ydcleaning.com.au/services/move-in-cleaning-adelaide-seacliff/,False,1.74,
https://ydcleaning.com.au/services/move-in-cleaning-adelaide-sefton-park/,200,https://ydcleaning.com.au/services/move-in-cleaning-adelaide-sefton-park/,False,1.7,
https://ydcleaning.com.au/services/move-in-cleaning-adelaide-semaphore/,200,https://ydcleaning.com.au/services/move-in-cleaning-adelaide-semaphore/,False,1.76,
https://ydcleaning.com.au/services/move-in-cleaning-adelaide-south-adelaide/,200,https://ydcleaning.com.au/services/move-in-cleaning-adelaide-south-adelaide/,False,1.85,
https://ydcleaning.com.au/services/move-in-cleaning-adelaide-st-agnes/,200,https://ydcleaning.com.au/services/move-in-cleaning-adelaide-st-agnes/,False,1.91,
https://ydcleaning.com.au/services/move-in-cleaning-adelaide-stirling/,200,https://ydcleaning.com.au/services/move-in-cleaning-adelaide-stirling/,False,1.84,
https://ydcleaning.com.au/services/move-in-cleaning-adelaide-tea-tree-gully/,200,https://ydcleaning.com.au/services/move-in-cleaning-adelaide-tea-tree-gully/,False,1.86,
https://ydcleaning.com.au/services/move-in-cleaning-adelaide-toorak-gardens/,200,https://ydcleaning.com.au/services/move-in-cleaning-adelaide-toorak-gardens/,False,2.02,
https://ydcleaning.com.au/services/move-in-cleaning-adelaide-unley-park/,200,https://ydcleaning.com.au/services/move-in-cleaning-adelaide-unley-park/,False,2.44,
https://ydcleaning.com.au/services/move-in-cleaning-adelaide-unley/,200,https://ydcleaning.com.au/services/move-in-cleaning-adelaide-unley/,False,2.25,
https://ydcleaning.com.au/services/move-in-cleaning-adelaide-victor-harbor/,200,https://ydcleaning.com.au/services/move-in-cleaning-adelaide-victor-harbor/,False,2.44,
https://ydcleaning.com.au/services/move-in-cleaning-adelaide-vista/,200,https://ydcleaning.com.au/services/move-in-cleaning-adelaide-vista/,False,2.47,
https://ydcleaning.com.au/services/move-in-cleaning-adelaide-west-adelaide/,200,https://ydcleaning.com.au/services/move-in-cleaning-adelaide-west-adelaide/,False,2.37,
https://ydcleaning.com.au/services/move-in-cleaning-adelaide-west-beach/,200,https://ydcleaning.com.au/services/move-in-cleaning-adelaide-west-beach/,False,2.32,
https://ydcleaning.com.au/services/move-in-cleaning-adelaide/,200,https://ydcleaning.com.au/services/move-in-cleaning-adelaide/,False,1.4,
https://ydcleaning.com.au/services/move-out-cleaning-adelaide-adelaide-cbd/,200,https://ydcleaning.com.au/services/move-out-cleaning-adelaide-adelaide-cbd/,False,2.34,
https://ydcleaning.com.au/services/move-out-cleaning-adelaide-aldgate/,200,https://ydcleaning.com.au/services/move-out-cleaning-adelaide-aldgate/,False,2.4,
https://ydcleaning.com.au/services/move-out-cleaning-adelaide-aldinga/,200,https://ydcleaning.com.au/services/move-out-cleaning-adelaide-aldinga/,False,2.38,
https://ydcleaning.com.au/services/move-out-cleaning-adelaide-beaumont/,200,https://ydcleaning.com.au/services/move-out-cleaning-adelaide-beaumont/,False,2.28,
https://ydcleaning.com.au/services/move-out-cleaning-adelaide-bridgewater/,200,https://ydcleaning.com.au/services/move-out-cleaning-adelaide-bridgewater/,False,2.02,
https://ydcleaning.com.au/services/move-out-cleaning-adelaide-brighton/,200,https://ydcleaning.com.au/services/move-out-cleaning-adelaide-brighton/,False,1.88,
https://ydcleaning.com.au/services/move-out-cleaning-adelaide-burnside/,200,https://ydcleaning.com.au/services/move-out-cleaning-adelaide-burnside/,False,1.81,
https://ydcleaning.com.au/services/move-out-cleaning-adelaide-christies-beach/,200,https://ydcleaning.com.au/services/move-out-cleaning-adelaide-christies-beach/,False,1.83,
https://ydcleaning.com.au/services/move-out-cleaning-adelaide-clearview/,200,https://ydcleaning.com.au/services/move-out-cleaning-adelaide-clearview/,False,1.84,
https://ydcleaning.com.au/services/move-out-cleaning-adelaide-collinswood/,200,https://ydcleaning.com.au/services/move-out-cleaning-adelaide-collinswood/,False,1.88,
https://ydcleaning.com.au/services/move-out-cleaning-adelaide-dulwich/,200,https://ydcleaning.com.au/services/move-out-cleaning-adelaide-dulwich/,False,1.88,
https://ydcleaning.com.au/services/move-out-cleaning-adelaide-east-adelaide/,200,https://ydcleaning.com.au/services/move-out-cleaning-adelaide-east-adelaide/,False,1.87,
https://ydcleaning.com.au/services/move-out-cleaning-adelaide-enfield/,200,https://ydcleaning.com.au/services/move-out-cleaning-adelaide-enfield/,False,1.89,
https://ydcleaning.com.au/services/move-out-cleaning-adelaide-fairview-park/,200,https://ydcleaning.com.au/services/move-out-cleaning-adelaide-fairview-park/,False,1.89,
https://ydcleaning.com.au/services/move-out-cleaning-adelaide-findon/,200,https://ydcleaning.com.au/services/move-out-cleaning-adelaide-findon/,False,2.08,
https://ydcleaning.com.au/services/move-out-cleaning-adelaide-gawler/,200,https://ydcleaning.com.au/services/move-out-cleaning-adelaide-gawler/,False,2.05,
https://ydcleaning.com.au/services/move-out-cleaning-adelaide-gepps-cross/,200,https://ydcleaning.com.au/services/move-out-cleaning-adelaide-gepps-cross/,False,2.08,
https://ydcleaning.com.au/services/move-out-cleaning-adelaide-glenelg/,200,https://ydcleaning.com.au/services/move-out-cleaning-adelaide-glenelg/,False,2.02,
https://ydcleaning.com.au/services/move-out-cleaning-adelaide-golden-grove/,200,https://ydcleaning.com.au/services/move-out-cleaning-adelaide-golden-grove/,False,1.97,
https://ydcleaning.com.au/services/move-out-cleaning-adelaide-grange/,200,https://ydcleaning.com.au/services/move-out-cleaning-adelaide-grange/,False,1.97,
https://ydcleaning.com.au/services/move-out-cleaning-adelaide-greenacres/,200,https://ydcleaning.com.au/services/move-out-cleaning-adelaide-greenacres/,False,1.98,
https://ydcleaning.com.au/services/move-out-cleaning-adelaide-gumeracha/,200,https://ydcleaning.com.au/services/move-out-cleaning-adelaide-gumeracha/,False,1.98,
https://ydcleaning.com.au/services/move-out-cleaning-adelaide-hahndorf/,200,https://ydcleaning.com.au/services/move-out-cleaning-adelaide-hahndorf/,False,1.98,
https://ydcleaning.com.au/services/move-out-cleaning-adelaide-hallett-cove/,200,https://ydcleaning.com.au/services/move-out-cleaning-adelaide-hallett-cove/,False,2.13,
https://ydcleaning.com.au/services/move-out-cleaning-adelaide-henley-beach/,200,https://ydcleaning.com.au/services/move-out-cleaning-adelaide-henley-beach/,False,2.29,
https://ydcleaning.com.au/services/move-out-cleaning-adelaide-highbury/,200,https://ydcleaning.com.au/services/move-out-cleaning-adelaide-highbury/,False,2.45,
https://ydcleaning.com.au/services/move-out-cleaning-adelaide-holden-hill/,200,https://ydcleaning.com.au/services/move-out-cleaning-adelaide-holden-hill/,False,2.79,
https://ydcleaning.com.au/services/move-out-cleaning-adelaide-hyde-park/,200,https://ydcleaning.com.au/services/move-out-cleaning-adelaide-hyde-park/,False,2.96,
https://ydcleaning.com.au/services/move-out-cleaning-adelaide-kensington-gardens/,200,https://ydcleaning.com.au/services/move-out-cleaning-adelaide-kensington-gardens/,False,3.3,
https://ydcleaning.com.au/services/move-out-cleaning-adelaide-kensington/,200,https://ydcleaning.com.au/services/move-out-cleaning-adelaide-kensington/,False,3.12,
https://ydcleaning.com.au/services/move-out-cleaning-adelaide-kent-town/,200,https://ydcleaning.com.au/services/move-out-cleaning-adelaide-kent-town/,False,3.31,
https://ydcleaning.com.au/services/move-out-cleaning-adelaide-kidman-park/,200,https://ydcleaning.com.au/services/move-out-cleaning-adelaide-kidman-park/,False,3.32,
https://ydcleaning.com.au/services/move-out-cleaning-adelaide-kilburn/,200,https://ydcleaning.com.au/services/move-out-cleaning-adelaide-kilburn/,False,3.29,
https://ydcleaning.com.au/services/move-out-cleaning-adelaide-klemzig/,200,https://ydcleaning.com.au/services/move-out-cleaning-adelaide-klemzig/,False,3.18,
https://ydcleaning.com.au/services/move-out-cleaning-adelaide-largs-bay/,200,https://ydcleaning.com.au/services/move-out-cleaning-adelaide-largs-bay/,False,2.86,
https://ydcleaning.com.au/services/move-out-cleaning-adelaide-malvern/,200,https://ydcleaning.com.au/services/move-out-cleaning-adelaide-malvern/,False,2.69,
https://ydcleaning.com.au/services/move-out-cleaning-adelaide-marion/,200,https://ydcleaning.com.au/services/move-out-cleaning-adelaide-marion/,False,2.6,
https://ydcleaning.com.au/services/move-out-cleaning-adelaide-mawson-lakes/,200,https://ydcleaning.com.au/services/move-out-cleaning-adelaide-mawson-lakes/,False,2.56,
https://ydcleaning.com.au/services/move-out-cleaning-adelaide-modbury-heights/,200,https://ydcleaning.com.au/services/move-out-cleaning-adelaide-modbury-heights/,False,2.45,
https://ydcleaning.com.au/services/move-out-cleaning-adelaide-modbury/,200,https://ydcleaning.com.au/services/move-out-cleaning-adelaide-modbury/,False,2.59,
https://ydcleaning.com.au/services/move-out-cleaning-adelaide-morphett-vale/,200,https://ydcleaning.com.au/services/move-out-cleaning-adelaide-morphett-vale/,False,2.5,
https://ydcleaning.com.au/services/move-out-cleaning-adelaide-mount-barker/,200,https://ydcleaning.com.au/services/move-out-cleaning-adelaide-mount-barker/,False,2.46,
https://ydcleaning.com.au/services/move-out-cleaning-adelaide-murray-bridge/,200,https://ydcleaning.com.au/services/move-out-cleaning-adelaide-murray-bridge/,False,2.43,
https://ydcleaning.com.au/services/move-out-cleaning-adelaide-noarlunga/,200,https://ydcleaning.com.au/services/move-out-cleaning-adelaide-noarlunga/,False,2.4,
https://ydcleaning.com.au/services/move-out-cleaning-adelaide-north-adelaide/,200,https://ydcleaning.com.au/services/move-out-cleaning-adelaide-north-adelaide/,False,2.41,
https://ydcleaning.com.au/services/move-out-cleaning-adelaide-norwood/,200,https://ydcleaning.com.au/services/move-out-cleaning-adelaide-norwood/,False,2.4,
https://ydcleaning.com.au/services/move-out-cleaning-adelaide-oaklands-park/,200,https://ydcleaning.com.au/services/move-out-cleaning-adelaide-oaklands-park/,False,2.18,
https://ydcleaning.com.au/services/move-out-cleaning-adelaide-parafield-gardens/,200,https://ydcleaning.com.au/services/move-out-cleaning-adelaide-parafield-gardens/,False,2.0,
https://ydcleaning.com.au/services/move-out-cleaning-adelaide-parafield/,200,https://ydcleaning.com.au/services/move-out-cleaning-adelaide-parafield/,False,2.1,
https://ydcleaning.com.au/services/move-out-cleaning-adelaide-parkside/,200,https://ydcleaning.com.au/services/move-out-cleaning-adelaide-parkside/,False,1.87,
https://ydcleaning.com.au/services/move-out-cleaning-adelaide-pooraka/,200,https://ydcleaning.com.au/services/move-out-cleaning-adelaide-pooraka/,False,1.81,
https://ydcleaning.com.au/services/move-out-cleaning-adelaide-port-adelaide/,200,https://ydcleaning.com.au/services/move-out-cleaning-adelaide-port-adelaide/,False,1.83,
https://ydcleaning.com.au/services/move-out-cleaning-adelaide-prospect/,200,https://ydcleaning.com.au/services/move-out-cleaning-adelaide-prospect/,False,1.89,
https://ydcleaning.com.au/services/move-out-cleaning-adelaide-redwood-park/,200,https://ydcleaning.com.au/services/move-out-cleaning-adelaide-redwood-park/,False,1.86,
https://ydcleaning.com.au/services/move-out-cleaning-adelaide-ridgehaven/,200,https://ydcleaning.com.au/services/move-out-cleaning-adelaide-ridgehaven/,False,1.93,
https://ydcleaning.com.au/services/move-out-cleaning-adelaide-rose-park/,200,https://ydcleaning.com.au/services/move-out-cleaning-adelaide-rose-park/,False,1.89,
https://ydcleaning.com.au/services/move-out-cleaning-adelaide-royal-park/,200,https://ydcleaning.com.au/services/move-out-cleaning-adelaide-royal-park/,False,1.84,
https://ydcleaning.com.au/services/move-out-cleaning-adelaide-salisbury-east/,200,https://ydcleaning.com.au/services/move-out-cleaning-adelaide-salisbury-east/,False,1.82,
https://ydcleaning.com.au/services/move-out-cleaning-adelaide-salisbury/,200,https://ydcleaning.com.au/services/move-out-cleaning-adelaide-salisbury/,False,1.84,
https://ydcleaning.com.au/services/move-out-cleaning-adelaide-seacliff/,200,https://ydcleaning.com.au/services/move-out-cleaning-adelaide-seacliff/,False,1.86,
https://ydcleaning.com.au/services/move-out-cleaning-adelaide-sefton-park/,200,https://ydcleaning.com.au/services/move-out-cleaning-adelaide-sefton-park/,False,1.87,
https://ydcleaning.com.au/services/move-out-cleaning-adelaide-semaphore/,200,https://ydcleaning.com.au/services/move-out-cleaning-adelaide-semaphore/,False,1.89,
https://ydcleaning.com.au/services/move-out-cleaning-adelaide-south-adelaide/,200,https://ydcleaning.com.au/services/move-out-cleaning-adelaide-south-adelaide/,False,1.88,
https://ydcleaning.com.au/services/move-out-cleaning-adelaide-st-agnes/,200,https://ydcleaning.com.au/services/move-out-cleaning-adelaide-st-agnes/,False,1.93,
https://ydcleaning.com.au/services/move-out-cleaning-adelaide-stirling/,200,https://ydcleaning.com.au/services/move-out-cleaning-adelaide-stirling/,False,1.78,
https://ydcleaning.com.au/services/move-out-cleaning-adelaide-tea-tree-gully/,200,https://ydcleaning.com.au/services/move-out-cleaning-adelaide-tea-tree-gully/,False,1.84,
https://ydcleaning.com.au/services/move-out-cleaning-adelaide-toorak-gardens/,200,https://ydcleaning.com.au/services/move-out-cleaning-adelaide-toorak-gardens/,False,1.89,
https://ydcleaning.com.au/services/move-out-cleaning-adelaide-unley-park/,200,https://ydcleaning.com.au/services/move-out-cleaning-adelaide-unley-park/,False,1.88,
https://ydcleaning.com.au/services/move-out-cleaning-adelaide-unley/,200,https://ydcleaning.com.au/services/move-out-cleaning-adelaide-unley/,False,1.86,
https://ydcleaning.com.au/services/move-out-cleaning-adelaide-victor-harbor/,200,https://ydcleaning.com.au/services/move-out-cleaning-adelaide-victor-harbor/,False,1.89,
https://ydcleaning.com.au/services/move-out-cleaning-adelaide-vista/,200,https://ydcleaning.com.au/services/move-out-cleaning-adelaide-vista/,False,1.89,
https://ydcleaning.com.au/services/move-out-cleaning-adelaide-west-adelaide/,200,https://ydcleaning.com.au/services/move-out-cleaning-adelaide-west-adelaide/,False,1.84,
https://ydcleaning.com.au/services/move-out-cleaning-adelaide-west-beach/,200,https://ydcleaning.com.au/services/move-out-cleaning-adelaide-west-beach/,False,1.84,
https://ydcleaning.com.au/services/move-out-cleaning-adelaide/,200,https://ydcleaning.com.au/services/move-out-cleaning-adelaide/,False,1.48,
https://ydcleaning.com.au/services/oven-cleaning-adelaide-adelaide-cbd/,200,https://ydcleaning.com.au/services/oven-cleaning-adelaide-adelaide-cbd/,False,1.79,
https://ydcleaning.com.au/services/oven-cleaning-adelaide-aldgate/,200,https://ydcleaning.com.au/services/oven-cleaning-adelaide-aldgate/,False,1.88,
https://ydcleaning.com.au/services/oven-cleaning-adelaide-aldinga/,200,https://ydcleaning.com.au/services/oven-cleaning-adelaide-aldinga/,False,1.78,
https://ydcleaning.com.au/services/oven-cleaning-adelaide-beaumont/,200,https://ydcleaning.com.au/services/oven-cleaning-adelaide-beaumont/,False,1.77,
https://ydcleaning.com.au/services/oven-cleaning-adelaide-bridgewater/,200,https://ydcleaning.com.au/services/oven-cleaning-adelaide-bridgewater/,False,1.79,
https://ydcleaning.com.au/services/oven-cleaning-adelaide-brighton/,200,https://ydcleaning.com.au/services/oven-cleaning-adelaide-brighton/,False,1.82,
https://ydcleaning.com.au/services/oven-cleaning-adelaide-burnside/,200,https://ydcleaning.com.au/services/oven-cleaning-adelaide-burnside/,False,1.83,
https://ydcleaning.com.au/services/oven-cleaning-adelaide-christies-beach/,200,https://ydcleaning.com.au/services/oven-cleaning-adelaide-christies-beach/,False,1.84,
https://ydcleaning.com.au/services/oven-cleaning-adelaide-clearview/,200,https://ydcleaning.com.au/services/oven-cleaning-adelaide-clearview/,False,1.92,
https://ydcleaning.com.au/services/oven-cleaning-adelaide-collinswood/,200,https://ydcleaning.com.au/services/oven-cleaning-adelaide-collinswood/,False,1.85,
https://ydcleaning.com.au/services/oven-cleaning-adelaide-dulwich/,200,https://ydcleaning.com.au/services/oven-cleaning-adelaide-dulwich/,False,1.89,
https://ydcleaning.com.au/services/oven-cleaning-adelaide-east-adelaide/,200,https://ydcleaning.com.au/services/oven-cleaning-adelaide-east-adelaide/,False,1.88,
https://ydcleaning.com.au/services/oven-cleaning-adelaide-enfield/,200,https://ydcleaning.com.au/services/oven-cleaning-adelaide-enfield/,False,1.98,
https://ydcleaning.com.au/services/oven-cleaning-adelaide-fairview-park/,200,https://ydcleaning.com.au/services/oven-cleaning-adelaide-fairview-park/,False,2.03,
https://ydcleaning.com.au/services/oven-cleaning-adelaide-findon/,200,https://ydcleaning.com.au/services/oven-cleaning-adelaide-findon/,False,2.32,
https://ydcleaning.com.au/services/oven-cleaning-adelaide-gawler/,200,https://ydcleaning.com.au/services/oven-cleaning-adelaide-gawler/,False,2.47,
https://ydcleaning.com.au/services/oven-cleaning-adelaide-gepps-cross/,200,https://ydcleaning.com.au/services/oven-cleaning-adelaide-gepps-cross/,False,2.49,
https://ydcleaning.com.au/services/oven-cleaning-adelaide-glenelg/,200,https://ydcleaning.com.au/services/oven-cleaning-adelaide-glenelg/,False,2.47,
https://ydcleaning.com.au/services/oven-cleaning-adelaide-golden-grove/,200,https://ydcleaning.com.au/services/oven-cleaning-adelaide-golden-grove/,False,2.35,
https://ydcleaning.com.au/services/oven-cleaning-adelaide-grange/,200,https://ydcleaning.com.au/services/oven-cleaning-adelaide-grange/,False,2.49,
https://ydcleaning.com.au/services/oven-cleaning-adelaide-greenacres/,200,https://ydcleaning.com.au/services/oven-cleaning-adelaide-greenacres/,False,2.52,
https://ydcleaning.com.au/services/oven-cleaning-adelaide-gumeracha/,200,https://ydcleaning.com.au/services/oven-cleaning-adelaide-gumeracha/,False,2.43,
https://ydcleaning.com.au/services/oven-cleaning-adelaide-hahndorf/,200,https://ydcleaning.com.au/services/oven-cleaning-adelaide-hahndorf/,False,2.4,
https://ydcleaning.com.au/services/oven-cleaning-adelaide-hallett-cove/,200,https://ydcleaning.com.au/services/oven-cleaning-adelaide-hallett-cove/,False,2.38,
https://ydcleaning.com.au/services/oven-cleaning-adelaide-henley-beach/,200,https://ydcleaning.com.au/services/oven-cleaning-adelaide-henley-beach/,False,2.1,
https://ydcleaning.com.au/services/oven-cleaning-adelaide-highbury/,200,https://ydcleaning.com.au/services/oven-cleaning-adelaide-highbury/,False,1.89,
https://ydcleaning.com.au/services/oven-cleaning-adelaide-holden-hill/,200,https://ydcleaning.com.au/services/oven-cleaning-adelaide-holden-hill/,False,2.04,
https://ydcleaning.com.au/services/oven-cleaning-adelaide-hyde-park/,200,https://ydcleaning.com.au/services/oven-cleaning-adelaide-hyde-park/,False,2.08,
https://ydcleaning.com.au/services/oven-cleaning-adelaide-kensington-gardens/,200,https://ydcleaning.com.au/services/oven-cleaning-adelaide-kensington-gardens/,False,2.01,
https://ydcleaning.com.au/services/oven-cleaning-adelaide-kensington/,200,https://ydcleaning.com.au/services/oven-cleaning-adelaide-kensington/,False,2.08,
https://ydcleaning.com.au/services/oven-cleaning-adelaide-kent-town/,200,https://ydcleaning.com.au/services/oven-cleaning-adelaide-kent-town/,False,1.91,
https://ydcleaning.com.au/services/oven-cleaning-adelaide-kidman-park/,200,https://ydcleaning.com.au/services/oven-cleaning-adelaide-kidman-park/,False,2.08,
https://ydcleaning.com.au/services/oven-cleaning-adelaide-kilburn/,200,https://ydcleaning.com.au/services/oven-cleaning-adelaide-kilburn/,False,2.0,
https://ydcleaning.com.au/services/oven-cleaning-adelaide-klemzig/,200,https://ydcleaning.com.au/services/oven-cleaning-adelaide-klemzig/,False,2.01,
https://ydcleaning.com.au/services/oven-cleaning-adelaide-largs-bay/,200,https://ydcleaning.com.au/services/oven-cleaning-adelaide-largs-bay/,False,1.97,
https://ydcleaning.com.au/services/oven-cleaning-adelaide-malvern/,200,https://ydcleaning.com.au/services/oven-cleaning-adelaide-malvern/,False,2.0,
https://ydcleaning.com.au/services/oven-cleaning-adelaide-marion/,200,https://ydcleaning.com.au/services/oven-cleaning-adelaide-marion/,False,2.04,
https://ydcleaning.com.au/services/oven-cleaning-adelaide-mawson-lakes/,200,https://ydcleaning.com.au/services/oven-cleaning-adelaide-mawson-lakes/,False,1.6,
https://ydcleaning.com.au/services/oven-cleaning-adelaide-modbury-heights/,200,https://ydcleaning.com.au/services/oven-cleaning-adelaide-modbury-heights/,False,1.8,
https://ydcleaning.com.au/services/oven-cleaning-adelaide-modbury/,200,https://ydcleaning.com.au/services/oven-cleaning-adelaide-modbury/,False,1.83,
https://ydcleaning.com.au/services/oven-cleaning-adelaide-morphett-vale/,200,https://ydcleaning.com.au/services/oven-cleaning-adelaide-morphett-vale/,False,1.88,
https://ydcleaning.com.au/services/oven-cleaning-adelaide-mount-barker/,200,https://ydcleaning.com.au/services/oven-cleaning-adelaide-mount-barker/,False,1.79,
https://ydcleaning.com.au/services/oven-cleaning-adelaide-murray-bridge/,200,https://ydcleaning.com.au/services/oven-cleaning-adelaide-murray-bridge/,False,1.91,
https://ydcleaning.com.au/services/oven-cleaning-adelaide-noarlunga/,200,https://ydcleaning.com.au/services/oven-cleaning-adelaide-noarlunga/,False,1.97,
https://ydcleaning.com.au/services/oven-cleaning-adelaide-north-adelaide/,200,https://ydcleaning.com.au/services/oven-cleaning-adelaide-north-adelaide/,False,2.07,
https://ydcleaning.com.au/services/oven-cleaning-adelaide-norwood/,200,https://ydcleaning.com.au/services/oven-cleaning-adelaide-norwood/,False,1.99,
https://ydcleaning.com.au/services/oven-cleaning-adelaide-oaklands-park/,200,https://ydcleaning.com.au/services/oven-cleaning-adelaide-oaklands-park/,False,2.01,
https://ydcleaning.com.au/services/oven-cleaning-adelaide-parafield-gardens/,200,https://ydcleaning.com.au/services/oven-cleaning-adelaide-parafield-gardens/,False,1.98,
https://ydcleaning.com.au/services/oven-cleaning-adelaide-parafield/,200,https://ydcleaning.com.au/services/oven-cleaning-adelaide-parafield/,False,1.99,
https://ydcleaning.com.au/services/oven-cleaning-adelaide-parkside/,200,https://ydcleaning.com.au/services/oven-cleaning-adelaide-parkside/,False,1.99,
https://ydcleaning.com.au/services/oven-cleaning-adelaide-pooraka/,200,https://ydcleaning.com.au/services/oven-cleaning-adelaide-pooraka/,False,2.0,
https://ydcleaning.com.au/services/oven-cleaning-adelaide-port-adelaide/,200,https://ydcleaning.com.au/services/oven-cleaning-adelaide-port-adelaide/,False,2.0,
https://ydcleaning.com.au/services/oven-cleaning-adelaide-prospect/,200,https://ydcleaning.com.au/services/oven-cleaning-adelaide-prospect/,False,2.04,
https://ydcleaning.com.au/services/oven-cleaning-adelaide-redwood-park/,200,https://ydcleaning.com.au/services/oven-cleaning-adelaide-redwood-park/,False,1.94,
https://ydcleaning.com.au/services/oven-cleaning-adelaide-ridgehaven/,200,https://ydcleaning.com.au/services/oven-cleaning-adelaide-ridgehaven/,False,1.88,
https://ydcleaning.com.au/services/oven-cleaning-adelaide-rose-park/,200,https://ydcleaning.com.au/services/oven-cleaning-adelaide-rose-park/,False,1.91,
https://ydcleaning.com.au/services/oven-cleaning-adelaide-royal-park/,200,https://ydcleaning.com.au/services/oven-cleaning-adelaide-royal-park/,False,1.92,
https://ydcleaning.com.au/services/oven-cleaning-adelaide-salisbury-east/,200,https://ydcleaning.com.au/services/oven-cleaning-adelaide-salisbury-east/,False,1.97,
https://ydcleaning.com.au/services/oven-cleaning-adelaide-salisbury/,200,https://ydcleaning.com.au/services/oven-cleaning-adelaide-salisbury/,False,1.92,
https://ydcleaning.com.au/services/oven-cleaning-adelaide-seacliff/,200,https://ydcleaning.com.au/services/oven-cleaning-adelaide-seacliff/,False,1.99,
https://ydcleaning.com.au/services/oven-cleaning-adelaide-sefton-park/,200,https://ydcleaning.com.au/services/oven-cleaning-adelaide-sefton-park/,False,2.05,
https://ydcleaning.com.au/services/oven-cleaning-adelaide-semaphore/,200,https://ydcleaning.com.au/services/oven-cleaning-adelaide-semaphore/,False,2.01,
https://ydcleaning.com.au/services/oven-cleaning-adelaide-south-adelaide/,200,https://ydcleaning.com.au/services/oven-cleaning-adelaide-south-adelaide/,False,2.18,
https://ydcleaning.com.au/services/oven-cleaning-adelaide-st-agnes/,200,https://ydcleaning.com.au/services/oven-cleaning-adelaide-st-agnes/,False,2.36,
https://ydcleaning.com.au/services/oven-cleaning-adelaide-stirling/,200,https://ydcleaning.com.au/services/oven-cleaning-adelaide-stirling/,False,2.4,
https://ydcleaning.com.au/services/oven-cleaning-adelaide-tea-tree-gully/,200,https://ydcleaning.com.au/services/oven-cleaning-adelaide-tea-tree-gully/,False,2.41,
https://ydcleaning.com.au/services/oven-cleaning-adelaide-toorak-gardens/,200,https://ydcleaning.com.au/services/oven-cleaning-adelaide-toorak-gardens/,False,2.44,
https://ydcleaning.com.au/services/oven-cleaning-adelaide-unley-park/,200,https://ydcleaning.com.au/services/oven-cleaning-adelaide-unley-park/,False,2.41,
https://ydcleaning.com.au/services/oven-cleaning-adelaide-unley/,200,https://ydcleaning.com.au/services/oven-cleaning-adelaide-unley/,False,2.45,
https://ydcleaning.com.au/services/oven-cleaning-adelaide-victor-harbor/,200,https://ydcleaning.com.au/services/oven-cleaning-adelaide-victor-harbor/,False,2.3,
https://ydcleaning.com.au/services/oven-cleaning-adelaide-vista/,200,https://ydcleaning.com.au/services/oven-cleaning-adelaide-vista/,False,2.24,
https://ydcleaning.com.au/services/oven-cleaning-adelaide-west-adelaide/,200,https://ydcleaning.com.au/services/oven-cleaning-adelaide-west-adelaide/,False,2.29,
https://ydcleaning.com.au/services/oven-cleaning-adelaide-west-beach/,200,https://ydcleaning.com.au/services/oven-cleaning-adelaide-west-beach/,False,2.07,
https://ydcleaning.com.au/services/oven-cleaning-adelaide/,200,https://ydcleaning.com.au/services/oven-cleaning-adelaide/,False,1.49,
https://ydcleaning.com.au/services/regular-house-cleaning-adelaide-adelaide-cbd/,200,https://ydcleaning.com.au/services/regular-house-cleaning-adelaide-adelaide-cbd/,False,1.91,
https://ydcleaning.com.au/services/regular-house-cleaning-adelaide-aldgate/,200,https://ydcleaning.com.au/services/regular-house-cleaning-adelaide-aldgate/,False,1.86,
https://ydcleaning.com.au/services/regular-house-cleaning-adelaide-aldinga/,200,https://ydcleaning.com.au/services/regular-house-cleaning-adelaide-aldinga/,False,1.88,
https://ydcleaning.com.au/services/regular-house-cleaning-adelaide-beaumont/,200,https://ydcleaning.com.au/services/regular-house-cleaning-adelaide-beaumont/,False,1.83,
https://ydcleaning.com.au/services/regular-house-cleaning-adelaide-bridgewater/,200,https://ydcleaning.com.au/services/regular-house-cleaning-adelaide-bridgewater/,False,1.86,
https://ydcleaning.com.au/services/regular-house-cleaning-adelaide-brighton/,200,https://ydcleaning.com.au/services/regular-house-cleaning-adelaide-brighton/,False,1.88,
https://ydcleaning.com.au/services/regular-house-cleaning-adelaide-burnside/,200,https://ydcleaning.com.au/services/regular-house-cleaning-adelaide-burnside/,False,1.99,
https://ydcleaning.com.au/services/regular-house-cleaning-adelaide-christies-beach/,200,https://ydcleaning.com.au/services/regular-house-cleaning-adelaide-christies-beach/,False,1.99,
https://ydcleaning.com.au/services/regular-house-cleaning-adelaide-clearview/,200,https://ydcleaning.com.au/services/regular-house-cleaning-adelaide-clearview/,False,1.99,
https://ydcleaning.com.au/services/regular-house-cleaning-adelaide-collinswood/,200,https://ydcleaning.com.au/services/regular-house-cleaning-adelaide-collinswood/,False,2.0,
https://ydcleaning.com.au/services/regular-house-cleaning-adelaide-dulwich/,200,https://ydcleaning.com.au/services/regular-house-cleaning-adelaide-dulwich/,False,2.0,
https://ydcleaning.com.au/services/regular-house-cleaning-adelaide-east-adelaide/,200,https://ydcleaning.com.au/services/regular-house-cleaning-adelaide-east-adelaide/,False,2.0,
https://ydcleaning.com.au/services/regular-house-cleaning-adelaide-enfield/,200,https://ydcleaning.com.au/services/regular-house-cleaning-adelaide-enfield/,False,2.0,
https://ydcleaning.com.au/services/regular-house-cleaning-adelaide-fairview-park/,200,https://ydcleaning.com.au/services/regular-house-cleaning-adelaide-fairview-park/,False,2.04,
https://ydcleaning.com.au/services/regular-house-cleaning-adelaide-findon/,200,https://ydcleaning.com.au/services/regular-house-cleaning-adelaide-findon/,False,2.09,
https://ydcleaning.com.au/services/regular-house-cleaning-adelaide-gawler/,200,https://ydcleaning.com.au/services/regular-house-cleaning-adelaide-gawler/,False,2.12,
https://ydcleaning.com.au/services/regular-house-cleaning-adelaide-gepps-cross/,200,https://ydcleaning.com.au/services/regular-house-cleaning-adelaide-gepps-cross/,False,2.11,
https://ydcleaning.com.au/services/regular-house-cleaning-adelaide-glenelg/,200,https://ydcleaning.com.au/services/regular-house-cleaning-adelaide-glenelg/,False,2.09,
https://ydcleaning.com.au/services/regular-house-cleaning-adelaide-golden-grove/,200,https://ydcleaning.com.au/services/regular-house-cleaning-adelaide-golden-grove/,False,2.1,
https://ydcleaning.com.au/services/regular-house-cleaning-adelaide-grange/,200,https://ydcleaning.com.au/services/regular-house-cleaning-adelaide-grange/,False,1.98,
https://ydcleaning.com.au/services/regular-house-cleaning-adelaide-greenacres/,200,https://ydcleaning.com.au/services/regular-house-cleaning-adelaide-greenacres/,False,1.88,
https://ydcleaning.com.au/services/regular-house-cleaning-adelaide-gumeracha/,200,https://ydcleaning.com.au/services/regular-house-cleaning-adelaide-gumeracha/,False,1.9,
https://ydcleaning.com.au/services/regular-house-cleaning-adelaide-hahndorf/,200,https://ydcleaning.com.au/services/regular-house-cleaning-adelaide-hahndorf/,False,1.79,
https://ydcleaning.com.au/services/regular-house-cleaning-adelaide-hallett-cove/,200,https://ydcleaning.com.au/services/regular-house-cleaning-adelaide-hallett-cove/,False,1.75,
https://ydcleaning.com.au/services/regular-house-cleaning-adelaide-henley-beach/,200,https://ydcleaning.com.au/services/regular-house-cleaning-adelaide-henley-beach/,False,1.59,
https://ydcleaning.com.au/services/regular-house-cleaning-adelaide-highbury/,200,https://ydcleaning.com.au/services/regular-house-cleaning-adelaide-highbury/,False,1.6,
https://ydcleaning.com.au/services/regular-house-cleaning-adelaide-holden-hill/,200,https://ydcleaning.com.au/services/regular-house-cleaning-adelaide-holden-hill/,False,1.51,
https://ydcleaning.com.au/services/regular-house-cleaning-adelaide-hyde-park/,200,https://ydcleaning.com.au/services/regular-house-cleaning-adelaide-hyde-park/,False,1.51,
https://ydcleaning.com.au/services/regular-house-cleaning-adelaide-kensington-gardens/,200,https://ydcleaning.com.au/services/regular-house-cleaning-adelaide-kensington-gardens/,False,1.51,
https://ydcleaning.com.au/services/regular-house-cleaning-adelaide-kensington/,200,https://ydcleaning.com.au/services/regular-house-cleaning-adelaide-kensington/,False,1.49,
https://ydcleaning.com.au/services/regular-house-cleaning-adelaide-kent-town/,200,https://ydcleaning.com.au/services/regular-house-cleaning-adelaide-kent-town/,False,1.59,
https://ydcleaning.com.au/services/regular-house-cleaning-adelaide-kidman-park/,200,https://ydcleaning.com.au/services/regular-house-cleaning-adelaide-kidman-park/,False,1.52,
https://ydcleaning.com.au/services/regular-house-cleaning-adelaide-kilburn/,200,https://ydcleaning.com.au/services/regular-house-cleaning-adelaide-kilburn/,False,1.6,
https://ydcleaning.com.au/services/regular-house-cleaning-adelaide-klemzig/,200,https://ydcleaning.com.au/services/regular-house-cleaning-adelaide-klemzig/,False,1.6,
https://ydcleaning.com.au/services/regular-house-cleaning-adelaide-largs-bay/,200,https://ydcleaning.com.au/services/regular-house-cleaning-adelaide-largs-bay/,False,1.6,
https://ydcleaning.com.au/services/regular-house-cleaning-adelaide-malvern/,200,https://ydcleaning.com.au/services/regular-house-cleaning-adelaide-malvern/,False,1.69,
https://ydcleaning.com.au/services/regular-house-cleaning-adelaide-marion/,200,https://ydcleaning.com.au/services/regular-house-cleaning-adelaide-marion/,False,1.69,
https://ydcleaning.com.au/services/regular-house-cleaning-adelaide-mawson-lakes/,200,https://ydcleaning.com.au/services/regular-house-cleaning-adelaide-mawson-lakes/,False,1.93,
https://ydcleaning.com.au/services/regular-house-cleaning-adelaide-modbury-heights/,200,https://ydcleaning.com.au/services/regular-house-cleaning-adelaide-modbury-heights/,False,1.89,
https://ydcleaning.com.au/services/regular-house-cleaning-adelaide-modbury/,200,https://ydcleaning.com.au/services/regular-house-cleaning-adelaide-modbury/,False,1.51,
https://ydcleaning.com.au/services/regular-house-cleaning-adelaide-morphett-vale/,200,https://ydcleaning.com.au/services/regular-house-cleaning-adelaide-morphett-vale/,False,1.7,
https://ydcleaning.com.au/services/regular-house-cleaning-adelaide-mount-barker/,200,https://ydcleaning.com.au/services/regular-house-cleaning-adelaide-mount-barker/,False,2.06,
https://ydcleaning.com.au/services/regular-house-cleaning-adelaide-murray-bridge/,200,https://ydcleaning.com.au/services/regular-house-cleaning-adelaide-murray-bridge/,False,2.12,
https://ydcleaning.com.au/services/regular-house-cleaning-adelaide-noarlunga/,200,https://ydcleaning.com.au/services/regular-house-cleaning-adelaide-noarlunga/,False,2.12,
https://ydcleaning.com.au/services/regular-house-cleaning-adelaide-north-adelaide/,200,https://ydcleaning.com.au/services/regular-house-cleaning-adelaide-north-adelaide/,False,2.07,
https://ydcleaning.com.au/services/regular-house-cleaning-adelaide-norwood/,200,https://ydcleaning.com.au/services/regular-house-cleaning-adelaide-norwood/,False,2.04,
https://ydcleaning.com.au/services/regular-house-cleaning-adelaide-oaklands-park/,200,https://ydcleaning.com.au/services/regular-house-cleaning-adelaide-oaklands-park/,False,2.12,
https://ydcleaning.com.au/services/regular-house-cleaning-adelaide-parafield-gardens/,200,https://ydcleaning.com.au/services/regular-house-cleaning-adelaide-parafield-gardens/,False,1.98,
https://ydcleaning.com.au/services/regular-house-cleaning-adelaide-parafield/,200,https://ydcleaning.com.au/services/regular-house-cleaning-adelaide-parafield/,False,2.07,
https://ydcleaning.com.au/services/regular-house-cleaning-adelaide-parkside/,200,https://ydcleaning.com.au/services/regular-house-cleaning-adelaide-parkside/,False,2.01,
https://ydcleaning.com.au/services/regular-house-cleaning-adelaide-pooraka/,200,https://ydcleaning.com.au/services/regular-house-cleaning-adelaide-pooraka/,False,1.87,
https://ydcleaning.com.au/services/regular-house-cleaning-adelaide-port-adelaide/,200,https://ydcleaning.com.au/services/regular-house-cleaning-adelaide-port-adelaide/,False,1.61,
https://ydcleaning.com.au/services/regular-house-cleaning-adelaide-prospect/,200,https://ydcleaning.com.au/services/regular-house-cleaning-adelaide-prospect/,False,1.59,
https://ydcleaning.com.au/services/regular-house-cleaning-adelaide-redwood-park/,200,https://ydcleaning.com.au/services/regular-house-cleaning-adelaide-redwood-park/,False,1.6,
https://ydcleaning.com.au/services/regular-house-cleaning-adelaide-ridgehaven/,200,https://ydcleaning.com.au/services/regular-house-cleaning-adelaide-ridgehaven/,False,1.71,
https://ydcleaning.com.au/services/regular-house-cleaning-adelaide-rose-park/,200,https://ydcleaning.com.au/services/regular-house-cleaning-adelaide-rose-park/,False,1.66,
https://ydcleaning.com.au/services/regular-house-cleaning-adelaide-royal-park/,200,https://ydcleaning.com.au/services/regular-house-cleaning-adelaide-royal-park/,False,1.56,
https://ydcleaning.com.au/services/regular-house-cleaning-adelaide-salisbury-east/,200,https://ydcleaning.com.au/services/regular-house-cleaning-adelaide-salisbury-east/,False,1.6,
https://ydcleaning.com.au/services/regular-house-cleaning-adelaide-salisbury/,200,https://ydcleaning.com.au/services/regular-house-cleaning-adelaide-salisbury/,False,1.6,
https://ydcleaning.com.au/services/regular-house-cleaning-adelaide-seacliff/,200,https://ydcleaning.com.au/services/regular-house-cleaning-adelaide-seacliff/,False,1.63,
https://ydcleaning.com.au/services/regular-house-cleaning-adelaide-sefton-park/,200,https://ydcleaning.com.au/services/regular-house-cleaning-adelaide-sefton-park/,False,1.62,
https://ydcleaning.com.au/services/regular-house-cleaning-adelaide-semaphore/,200,https://ydcleaning.com.au/services/regular-house-cleaning-adelaide-semaphore/,False,1.7,
https://ydcleaning.com.au/services/regular-house-cleaning-adelaide-south-adelaide/,200,https://ydcleaning.com.au/services/regular-house-cleaning-adelaide-south-adelaide/,False,1.68,
https://ydcleaning.com.au/services/regular-house-cleaning-adelaide-st-agnes/,200,https://ydcleaning.com.au/services/regular-house-cleaning-adelaide-st-agnes/,False,1.59,
https://ydcleaning.com.au/services/regular-house-cleaning-adelaide-stirling/,200,https://ydcleaning.com.au/services/regular-house-cleaning-adelaide-stirling/,False,1.6,
https://ydcleaning.com.au/services/regular-house-cleaning-adelaide-tea-tree-gully/,200,https://ydcleaning.com.au/services/regular-house-cleaning-adelaide-tea-tree-gully/,False,1.72,
https://ydcleaning.com.au/services/regular-house-cleaning-adelaide-toorak-gardens/,200,https://ydcleaning.com.au/services/regular-house-cleaning-adelaide-toorak-gardens/,False,1.77,
https://ydcleaning.com.au/services/regular-house-cleaning-adelaide-unley-park/,200,https://ydcleaning.com.au/services/regular-house-cleaning-adelaide-unley-park/,False,1.6,
https://ydcleaning.com.au/services/regular-house-cleaning-adelaide-unley/,200,https://ydcleaning.com.au/services/regular-house-cleaning-adelaide-unley/,False,1.62,
https://ydcleaning.com.au/services/regular-house-cleaning-adelaide-victor-harbor/,200,https://ydcleaning.com.au/services/regular-house-cleaning-adelaide-victor-harbor/,False,1.49,
https://ydcleaning.com.au/services/regular-house-cleaning-adelaide-vista/,200,https://ydcleaning.com.au/services/regular-house-cleaning-adelaide-vista/,False,1.58,
https://ydcleaning.com.au/services/regular-house-cleaning-adelaide-west-adelaide/,200,https://ydcleaning.com.au/services/regular-house-cleaning-adelaide-west-adelaide/,False,2.05,
https://ydcleaning.com.au/services/regular-house-cleaning-adelaide-west-beach/,200,https://ydcleaning.com.au/services/regular-house-cleaning-adelaide-west-beach/,False,2.49,
https://ydcleaning.com.au/services/regular-house-cleaning-adelaide/,200,https://ydcleaning.com.au/services/regular-house-cleaning-adelaide/,False,1.48,
https://ydcleaning.com.au/services/spring-cleaning-adelaide-adelaide-cbd/,200,https://ydcleaning.com.au/services/spring-cleaning-adelaide-adelaide-cbd/,False,2.78,
https://ydcleaning.com.au/services/spring-cleaning-adelaide-aldgate/,200,https://ydcleaning.com.au/services/spring-cleaning-adelaide-aldgate/,False,3.19,
https://ydcleaning.com.au/services/spring-cleaning-adelaide-aldinga/,200,https://ydcleaning.com.au/services/spring-cleaning-adelaide-aldinga/,False,3.28,
https://ydcleaning.com.au/services/spring-cleaning-adelaide-beaumont/,200,https://ydcleaning.com.au/services/spring-cleaning-adelaide-beaumont/,False,3.84,
https://ydcleaning.com.au/services/spring-cleaning-adelaide-bridgewater/,200,https://ydcleaning.com.au/services/spring-cleaning-adelaide-bridgewater/,False,3.5,
https://ydcleaning.com.au/services/spring-cleaning-adelaide-brighton/,200,https://ydcleaning.com.au/services/spring-cleaning-adelaide-brighton/,False,3.89,
https://ydcleaning.com.au/services/spring-cleaning-adelaide-burnside/,200,https://ydcleaning.com.au/services/spring-cleaning-adelaide-burnside/,False,4.03,
https://ydcleaning.com.au/services/spring-cleaning-adelaide-christies-beach/,200,https://ydcleaning.com.au/services/spring-cleaning-adelaide-christies-beach/,False,4.11,
https://ydcleaning.com.au/services/spring-cleaning-adelaide-clearview/,200,https://ydcleaning.com.au/services/spring-cleaning-adelaide-clearview/,False,3.61,
https://ydcleaning.com.au/services/spring-cleaning-adelaide-collinswood/,200,https://ydcleaning.com.au/services/spring-cleaning-adelaide-collinswood/,False,3.15,
https://ydcleaning.com.au/services/spring-cleaning-adelaide-dulwich/,200,https://ydcleaning.com.au/services/spring-cleaning-adelaide-dulwich/,False,2.91,
https://ydcleaning.com.au/services/spring-cleaning-adelaide-east-adelaide/,200,https://ydcleaning.com.au/services/spring-cleaning-adelaide-east-adelaide/,False,2.48,
https://ydcleaning.com.au/services/spring-cleaning-adelaide-enfield/,200,https://ydcleaning.com.au/services/spring-cleaning-adelaide-enfield/,False,2.4,
https://ydcleaning.com.au/services/spring-cleaning-adelaide-fairview-park/,200,https://ydcleaning.com.au/services/spring-cleaning-adelaide-fairview-park/,False,2.45,
https://ydcleaning.com.au/services/spring-cleaning-adelaide-findon/,200,https://ydcleaning.com.au/services/spring-cleaning-adelaide-findon/,False,2.3,
https://ydcleaning.com.au/services/spring-cleaning-adelaide-gawler/,200,https://ydcleaning.com.au/services/spring-cleaning-adelaide-gawler/,False,2.19,
https://ydcleaning.com.au/services/spring-cleaning-adelaide-gepps-cross/,200,https://ydcleaning.com.au/services/spring-cleaning-adelaide-gepps-cross/,False,2.17,
https://ydcleaning.com.au/services/spring-cleaning-adelaide-glenelg/,200,https://ydcleaning.com.au/services/spring-cleaning-adelaide-glenelg/,False,2.07,
https://ydcleaning.com.au/services/spring-cleaning-adelaide-golden-grove/,200,https://ydcleaning.com.au/services/spring-cleaning-adelaide-golden-grove/,False,2.04,
https://ydcleaning.com.au/services/spring-cleaning-adelaide-grange/,200,https://ydcleaning.com.au/services/spring-cleaning-adelaide-grange/,False,1.96,
https://ydcleaning.com.au/services/spring-cleaning-adelaide-greenacres/,200,https://ydcleaning.com.au/services/spring-cleaning-adelaide-greenacres/,False,1.99,
https://ydcleaning.com.au/services/spring-cleaning-adelaide-gumeracha/,200,https://ydcleaning.com.au/services/spring-cleaning-adelaide-gumeracha/,False,1.92,
https://ydcleaning.com.au/services/spring-cleaning-adelaide-hahndorf/,200,https://ydcleaning.com.au/services/spring-cleaning-adelaide-hahndorf/,False,1.69,
https://ydcleaning.com.au/services/spring-cleaning-adelaide-hallett-cove/,200,https://ydcleaning.com.au/services/spring-cleaning-adelaide-hallett-cove/,False,1.45,
https://ydcleaning.com.au/services/spring-cleaning-adelaide-henley-beach/,200,https://ydcleaning.com.au/services/spring-cleaning-adelaide-henley-beach/,False,1.41,
https://ydcleaning.com.au/services/spring-cleaning-adelaide-highbury/,200,https://ydcleaning.com.au/services/spring-cleaning-adelaide-highbury/,False,1.88,
https://ydcleaning.com.au/services/spring-cleaning-adelaide-holden-hill/,200,https://ydcleaning.com.au/services/spring-cleaning-adelaide-holden-hill/,False,1.8,
https://ydcleaning.com.au/services/spring-cleaning-adelaide-hyde-park/,200,https://ydcleaning.com.au/services/spring-cleaning-adelaide-hyde-park/,False,1.71,
https://ydcleaning.com.au/services/spring-cleaning-adelaide-kensington-gardens/,200,https://ydcleaning.com.au/services/spring-cleaning-adelaide-kensington-gardens/,False,1.81,
https://ydcleaning.com.au/services/spring-cleaning-adelaide-kensington/,200,https://ydcleaning.com.au/services/spring-cleaning-adelaide-kensington/,False,1.79,
https://ydcleaning.com.au/services/spring-cleaning-adelaide-kent-town/,200,https://ydcleaning.com.au/services/spring-cleaning-adelaide-kent-town/,False,1.81,
https://ydcleaning.com.au/services/spring-cleaning-adelaide-kidman-park/,200,https://ydcleaning.com.au/services/spring-cleaning-adelaide-kidman-park/,False,1.88,
https://ydcleaning.com.au/services/spring-cleaning-adelaide-kilburn/,200,https://ydcleaning.com.au/services/spring-cleaning-adelaide-kilburn/,False,1.9,
https://ydcleaning.com.au/services/spring-cleaning-adelaide-klemzig/,200,https://ydcleaning.com.au/services/spring-cleaning-adelaide-klemzig/,False,1.78,
https://ydcleaning.com.au/services/spring-cleaning-adelaide-largs-bay/,200,https://ydcleaning.com.au/services/spring-cleaning-adelaide-largs-bay/,False,1.92,
https://ydcleaning.com.au/services/spring-cleaning-adelaide-malvern/,200,https://ydcleaning.com.au/services/spring-cleaning-adelaide-malvern/,False,1.52,
https://ydcleaning.com.au/services/spring-cleaning-adelaide-marion/,200,https://ydcleaning.com.au/services/spring-cleaning-adelaide-marion/,False,1.6,
https://ydcleaning.com.au/services/spring-cleaning-adelaide-mawson-lakes/,200,https://ydcleaning.com.au/services/spring-cleaning-adelaide-mawson-lakes/,False,1.6,
https://ydcleaning.com.au/services/spring-cleaning-adelaide-modbury-heights/,200,https://ydcleaning.com.au/services/spring-cleaning-adelaide-modbury-heights/,False,1.6,
https://ydcleaning.com.au/services/spring-cleaning-adelaide-modbury/,200,https://ydcleaning.com.au/services/spring-cleaning-adelaide-modbury/,False,1.6,
https://ydcleaning.com.au/services/spring-cleaning-adelaide-morphett-vale/,200,https://ydcleaning.com.au/services/spring-cleaning-adelaide-morphett-vale/,False,1.61,
https://ydcleaning.com.au/services/spring-cleaning-adelaide-mount-barker/,200,https://ydcleaning.com.au/services/spring-cleaning-adelaide-mount-barker/,False,1.6,
https://ydcleaning.com.au/services/spring-cleaning-adelaide-murray-bridge/,200,https://ydcleaning.com.au/services/spring-cleaning-adelaide-murray-bridge/,False,1.6,
https://ydcleaning.com.au/services/spring-cleaning-adelaide-noarlunga/,200,https://ydcleaning.com.au/services/spring-cleaning-adelaide-noarlunga/,False,1.69,
https://ydcleaning.com.au/services/spring-cleaning-adelaide-north-adelaide/,200,https://ydcleaning.com.au/services/spring-cleaning-adelaide-north-adelaide/,False,1.57,
https://ydcleaning.com.au/services/spring-cleaning-adelaide-norwood/,200,https://ydcleaning.com.au/services/spring-cleaning-adelaide-norwood/,False,1.58,
https://ydcleaning.com.au/services/spring-cleaning-adelaide-oaklands-park/,200,https://ydcleaning.com.au/services/spring-cleaning-adelaide-oaklands-park/,False,1.51,
https://ydcleaning.com.au/services/spring-cleaning-adelaide-parafield-gardens/,200,https://ydcleaning.com.au/services/spring-cleaning-adelaide-parafield-gardens/,False,1.59,
https://ydcleaning.com.au/services/spring-cleaning-adelaide-parafield/,200,https://ydcleaning.com.au/services/spring-cleaning-adelaide-parafield/,False,1.6,
https://ydcleaning.com.au/services/spring-cleaning-adelaide-parkside/,200,https://ydcleaning.com.au/services/spring-cleaning-adelaide-parkside/,False,1.6,
https://ydcleaning.com.au/services/spring-cleaning-adelaide-pooraka/,200,https://ydcleaning.com.au/services/spring-cleaning-adelaide-pooraka/,False,1.58,
https://ydcleaning.com.au/services/spring-cleaning-adelaide-port-adelaide/,200,https://ydcleaning.com.au/services/spring-cleaning-adelaide-port-adelaide/,False,1.55,
https://ydcleaning.com.au/services/spring-cleaning-adelaide-prospect/,200,https://ydcleaning.com.au/services/spring-cleaning-adelaide-prospect/,False,1.58,
https://ydcleaning.com.au/services/spring-cleaning-adelaide-redwood-park/,200,https://ydcleaning.com.au/services/spring-cleaning-adelaide-redwood-park/,False,1.49,
https://ydcleaning.com.au/services/spring-cleaning-adelaide-ridgehaven/,200,https://ydcleaning.com.au/services/spring-cleaning-adelaide-ridgehaven/,False,1.6,
https://ydcleaning.com.au/services/spring-cleaning-adelaide-rose-park/,200,https://ydcleaning.com.au/services/spring-cleaning-adelaide-rose-park/,False,1.54,
https://ydcleaning.com.au/services/spring-cleaning-adelaide-royal-park/,200,https://ydcleaning.com.au/services/spring-cleaning-adelaide-royal-park/,False,1.6,
https://ydcleaning.com.au/services/spring-cleaning-adelaide-salisbury-east/,200,https://ydcleaning.com.au/services/spring-cleaning-adelaide-salisbury-east/,False,1.53,
https://ydcleaning.com.au/services/spring-cleaning-adelaide-salisbury/,200,https://ydcleaning.com.au/services/spring-cleaning-adelaide-salisbury/,False,1.48,
https://ydcleaning.com.au/services/spring-cleaning-adelaide-seacliff/,200,https://ydcleaning.com.au/services/spring-cleaning-adelaide-seacliff/,False,1.64,
https://ydcleaning.com.au/services/spring-cleaning-adelaide-sefton-park/,200,https://ydcleaning.com.au/services/spring-cleaning-adelaide-sefton-park/,False,1.59,
https://ydcleaning.com.au/services/spring-cleaning-adelaide-semaphore/,200,https://ydcleaning.com.au/services/spring-cleaning-adelaide-semaphore/,False,1.67,
https://ydcleaning.com.au/services/spring-cleaning-adelaide-south-adelaide/,200,https://ydcleaning.com.au/services/spring-cleaning-adelaide-south-adelaide/,False,1.81,
https://ydcleaning.com.au/services/spring-cleaning-adelaide-st-agnes/,200,https://ydcleaning.com.au/services/spring-cleaning-adelaide-st-agnes/,False,1.92,
https://ydcleaning.com.au/services/spring-cleaning-adelaide-stirling/,200,https://ydcleaning.com.au/services/spring-cleaning-adelaide-stirling/,False,1.9,
https://ydcleaning.com.au/services/spring-cleaning-adelaide-tea-tree-gully/,200,https://ydcleaning.com.au/services/spring-cleaning-adelaide-tea-tree-gully/,False,1.97,
https://ydcleaning.com.au/services/spring-cleaning-adelaide-toorak-gardens/,200,https://ydcleaning.com.au/services/spring-cleaning-adelaide-toorak-gardens/,False,1.99,
https://ydcleaning.com.au/services/spring-cleaning-adelaide-unley-park/,200,https://ydcleaning.com.au/services/spring-cleaning-adelaide-unley-park/,False,2.15,
https://ydcleaning.com.au/services/spring-cleaning-adelaide-unley/,200,https://ydcleaning.com.au/services/spring-cleaning-adelaide-unley/,False,2.11,
https://ydcleaning.com.au/services/spring-cleaning-adelaide-victor-harbor/,200,https://ydcleaning.com.au/services/spring-cleaning-adelaide-victor-harbor/,False,2.67,
https://ydcleaning.com.au/services/spring-cleaning-adelaide-vista/,200,https://ydcleaning.com.au/services/spring-cleaning-adelaide-vista/,False,2.52,
https://ydcleaning.com.au/services/spring-cleaning-adelaide-west-adelaide/,200,https://ydcleaning.com.au/services/spring-cleaning-adelaide-west-adelaide/,False,2.57,
https://ydcleaning.com.au/services/spring-cleaning-adelaide-west-beach/,200,https://ydcleaning.com.au/services/spring-cleaning-adelaide-west-beach/,False,2.4,
https://ydcleaning.com.au/services/spring-cleaning-adelaide/,200,https://ydcleaning.com.au/services/spring-cleaning-adelaide/,False,1.51,
https://ydcleaning.com.au/services/window-cleaning-adelaide-adelaide-cbd/,200,https://ydcleaning.com.au/services/window-cleaning-adelaide-adelaide-cbd/,False,2.38,
https://ydcleaning.com.au/services/window-cleaning-adelaide-aldgate/,200,https://ydcleaning.com.au/services/window-cleaning-adelaide-aldgate/,False,2.4,
https://ydcleaning.com.au/services/window-cleaning-adelaide-aldinga/,200,https://ydcleaning.com.au/services/window-cleaning-adelaide-aldinga/,False,2.4,
https://ydcleaning.com.au/services/window-cleaning-adelaide-beaumont/,200,https://ydcleaning.com.au/services/window-cleaning-adelaide-beaumont/,False,2.39,
https://ydcleaning.com.au/services/window-cleaning-adelaide-bridgewater/,200,https://ydcleaning.com.au/services/window-cleaning-adelaide-bridgewater/,False,2.4,
https://ydcleaning.com.au/services/window-cleaning-adelaide-brighton/,200,https://ydcleaning.com.au/services/window-cleaning-adelaide-brighton/,False,2.2,
https://ydcleaning.com.au/services/window-cleaning-adelaide-burnside/,200,https://ydcleaning.com.au/services/window-cleaning-adelaide-burnside/,False,1.68,
https://ydcleaning.com.au/services/window-cleaning-adelaide-christies-beach/,200,https://ydcleaning.com.au/services/window-cleaning-adelaide-christies-beach/,False,1.8,
https://ydcleaning.com.au/services/window-cleaning-adelaide-clearview/,200,https://ydcleaning.com.au/services/window-cleaning-adelaide-clearview/,False,1.71,
https://ydcleaning.com.au/services/window-cleaning-adelaide-collinswood/,200,https://ydcleaning.com.au/services/window-cleaning-adelaide-collinswood/,False,1.8,
https://ydcleaning.com.au/services/window-cleaning-adelaide-dulwich/,200,https://ydcleaning.com.au/services/window-cleaning-adelaide-dulwich/,False,1.7,
https://ydcleaning.com.au/services/window-cleaning-adelaide-east-adelaide/,200,https://ydcleaning.com.au/services/window-cleaning-adelaide-east-adelaide/,False,1.68,
https://ydcleaning.com.au/services/window-cleaning-adelaide-enfield/,200,https://ydcleaning.com.au/services/window-cleaning-adelaide-enfield/,False,1.59,
https://ydcleaning.com.au/services/window-cleaning-adelaide-fairview-park/,200,https://ydcleaning.com.au/services/window-cleaning-adelaide-fairview-park/,False,1.6,
https://ydcleaning.com.au/services/window-cleaning-adelaide-findon/,200,https://ydcleaning.com.au/services/window-cleaning-adelaide-findon/,False,1.55,
https://ydcleaning.com.au/services/window-cleaning-adelaide-gawler/,200,https://ydcleaning.com.au/services/window-cleaning-adelaide-gawler/,False,1.6,
https://ydcleaning.com.au/services/window-cleaning-adelaide-gepps-cross/,200,https://ydcleaning.com.au/services/window-cleaning-adelaide-gepps-cross/,False,1.63,
https://ydcleaning.com.au/services/window-cleaning-adelaide-glenelg/,200,https://ydcleaning.com.au/services/window-cleaning-adelaide-glenelg/,False,1.71,
https://ydcleaning.com.au/services/window-cleaning-adelaide-golden-grove/,200,https://ydcleaning.com.au/services/window-cleaning-adelaide-golden-grove/,False,1.8,
https://ydcleaning.com.au/services/window-cleaning-adelaide-grange/,200,https://ydcleaning.com.au/services/window-cleaning-adelaide-grange/,False,1.8,
https://ydcleaning.com.au/services/window-cleaning-adelaide-greenacres/,200,https://ydcleaning.com.au/services/window-cleaning-adelaide-greenacres/,False,1.88,
https://ydcleaning.com.au/services/window-cleaning-adelaide-gumeracha/,200,https://ydcleaning.com.au/services/window-cleaning-adelaide-gumeracha/,False,1.91,
https://ydcleaning.com.au/services/window-cleaning-adelaide-hahndorf/,200,https://ydcleaning.com.au/services/window-cleaning-adelaide-hahndorf/,False,2.01,
https://ydcleaning.com.au/services/window-cleaning-adelaide-hallett-cove/,200,https://ydcleaning.com.au/services/window-cleaning-adelaide-hallett-cove/,False,2.01,
https://ydcleaning.com.au/services/window-cleaning-adelaide-henley-beach/,200,https://ydcleaning.com.au/services/window-cleaning-adelaide-henley-beach/,False,2.03,
https://ydcleaning.com.au/services/window-cleaning-adelaide-highbury/,200,https://ydcleaning.com.au/services/window-cleaning-adelaide-highbury/,False,2.11,
https://ydcleaning.com.au/services/window-cleaning-adelaide-holden-hill/,200,https://ydcleaning.com.au/services/window-cleaning-adelaide-holden-hill/,False,2.36,
https://ydcleaning.com.au/services/window-cleaning-adelaide-hyde-park/,200,https://ydcleaning.com.au/services/window-cleaning-adelaide-hyde-park/,False,2.94,
https://ydcleaning.com.au/services/window-cleaning-adelaide-kensington-gardens/,200,https://ydcleaning.com.au/services/window-cleaning-adelaide-kensington-gardens/,False,3.38,
https://ydcleaning.com.au/services/window-cleaning-adelaide-kensington/,200,https://ydcleaning.com.au/services/window-cleaning-adelaide-kensington/,False,3.0,
https://ydcleaning.com.au/services/window-cleaning-adelaide-kent-town/,200,https://ydcleaning.com.au/services/window-cleaning-adelaide-kent-town/,False,3.22,
https://ydcleaning.com.au/services/window-cleaning-adelaide-kidman-park/,200,https://ydcleaning.com.au/services/window-cleaning-adelaide-kidman-park/,False,3.29,
https://ydcleaning.com.au/services/window-cleaning-adelaide-kilburn/,200,https://ydcleaning.com.au/services/window-cleaning-adelaide-kilburn/,False,3.17,
https://ydcleaning.com.au/services/window-cleaning-adelaide-klemzig/,200,https://ydcleaning.com.au/services/window-cleaning-adelaide-klemzig/,False,3.12,
https://ydcleaning.com.au/services/window-cleaning-adelaide-largs-bay/,200,https://ydcleaning.com.au/services/window-cleaning-adelaide-largs-bay/,False,3.1,
https://ydcleaning.com.au/services/window-cleaning-adelaide-malvern/,200,https://ydcleaning.com.au/services/window-cleaning-adelaide-malvern/,False,3.09,
https://ydcleaning.com.au/services/window-cleaning-adelaide-marion/,200,https://ydcleaning.com.au/services/window-cleaning-adelaide-marion/,False,2.71,
https://ydcleaning.com.au/services/window-cleaning-adelaide-mawson-lakes/,200,https://ydcleaning.com.au/services/window-cleaning-adelaide-mawson-lakes/,False,2.19,
https://ydcleaning.com.au/services/window-cleaning-adelaide-modbury-heights/,200,https://ydcleaning.com.au/services/window-cleaning-adelaide-modbury-heights/,False,1.54,
https://ydcleaning.com.au/services/window-cleaning-adelaide-modbury/,200,https://ydcleaning.com.au/services/window-cleaning-adelaide-modbury/,False,1.95,
https://ydcleaning.com.au/services/window-cleaning-adelaide-morphett-vale/,200,https://ydcleaning.com.au/services/window-cleaning-adelaide-morphett-vale/,False,1.72,
https://ydcleaning.com.au/services/window-cleaning-adelaide-mount-barker/,200,https://ydcleaning.com.au/services/window-cleaning-adelaide-mount-barker/,False,1.81,
https://ydcleaning.com.au/services/window-cleaning-adelaide-murray-bridge/,200,https://ydcleaning.com.au/services/window-cleaning-adelaide-murray-bridge/,False,2.37,
https://ydcleaning.com.au/services/window-cleaning-adelaide-noarlunga/,200,https://ydcleaning.com.au/services/window-cleaning-adelaide-noarlunga/,False,2.21,
https://ydcleaning.com.au/services/window-cleaning-adelaide-north-adelaide/,200,https://ydcleaning.com.au/services/window-cleaning-adelaide-north-adelaide/,False,2.23,
https://ydcleaning.com.au/services/window-cleaning-adelaide-norwood/,200,https://ydcleaning.com.au/services/window-cleaning-adelaide-norwood/,False,2.22,
https://ydcleaning.com.au/services/window-cleaning-adelaide-oaklands-park/,200,https://ydcleaning.com.au/services/window-cleaning-adelaide-oaklands-park/,False,2.31,
https://ydcleaning.com.au/services/window-cleaning-adelaide-parafield-gardens/,200,https://ydcleaning.com.au/services/window-cleaning-adelaide-parafield-gardens/,False,2.33,
https://ydcleaning.com.au/services/window-cleaning-adelaide-parafield/,200,https://ydcleaning.com.au/services/window-cleaning-adelaide-parafield/,False,2.24,
https://ydcleaning.com.au/services/window-cleaning-adelaide-parkside/,200,https://ydcleaning.com.au/services/window-cleaning-adelaide-parkside/,False,2.36,
https://ydcleaning.com.au/services/window-cleaning-adelaide-pooraka/,200,https://ydcleaning.com.au/services/window-cleaning-adelaide-pooraka/,False,2.28,
https://ydcleaning.com.au/services/window-cleaning-adelaide-port-adelaide/,200,https://ydcleaning.com.au/services/window-cleaning-adelaide-port-adelaide/,False,2.09,
https://ydcleaning.com.au/services/window-cleaning-adelaide-prospect/,200,https://ydcleaning.com.au/services/window-cleaning-adelaide-prospect/,False,1.66,
https://ydcleaning.com.au/services/window-cleaning-adelaide-redwood-park/,200,https://ydcleaning.com.au/services/window-cleaning-adelaide-redwood-park/,False,1.86,
https://ydcleaning.com.au/services/window-cleaning-adelaide-ridgehaven/,200,https://ydcleaning.com.au/services/window-cleaning-adelaide-ridgehaven/,False,1.89,
https://ydcleaning.com.au/services/window-cleaning-adelaide-rose-park/,200,https://ydcleaning.com.au/services/window-cleaning-adelaide-rose-park/,False,1.88,
https://ydcleaning.com.au/services/window-cleaning-adelaide-royal-park/,200,https://ydcleaning.com.au/services/window-cleaning-adelaide-royal-park/,False,1.88,
https://ydcleaning.com.au/services/window-cleaning-adelaide-salisbury-east/,200,https://ydcleaning.com.au/services/window-cleaning-adelaide-salisbury-east/,False,1.95,
https://ydcleaning.com.au/services/window-cleaning-adelaide-salisbury/,200,https://ydcleaning.com.au/services/window-cleaning-adelaide-salisbury/,False,1.9,
https://ydcleaning.com.au/services/window-cleaning-adelaide-seacliff/,200,https://ydcleaning.com.au/services/window-cleaning-adelaide-seacliff/,False,1.81,
https://ydcleaning.com.au/services/window-cleaning-adelaide-sefton-park/,200,https://ydcleaning.com.au/services/window-cleaning-adelaide-sefton-park/,False,1.99,
https://ydcleaning.com.au/services/window-cleaning-adelaide-semaphore/,200,https://ydcleaning.com.au/services/window-cleaning-adelaide-semaphore/,False,2.0,
https://ydcleaning.com.au/services/window-cleaning-adelaide-south-adelaide/,200,https://ydcleaning.com.au/services/window-cleaning-adelaide-south-adelaide/,False,1.91,
https://ydcleaning.com.au/services/window-cleaning-adelaide-st-agnes/,200,https://ydcleaning.com.au/services/window-cleaning-adelaide-st-agnes/,False,1.91,
https://ydcleaning.com.au/services/window-cleaning-adelaide-stirling/,200,https://ydcleaning.com.au/services/window-cleaning-adelaide-stirling/,False,1.92,
https://ydcleaning.com.au/services/window-cleaning-adelaide-tea-tree-gully/,200,https://ydcleaning.com.au/services/window-cleaning-adelaide-tea-tree-gully/,False,1.89,
https://ydcleaning.com.au/services/window-cleaning-adelaide-toorak-gardens/,200,https://ydcleaning.com.au/services/window-cleaning-adelaide-toorak-gardens/,False,1.89,
https://ydcleaning.com.au/services/window-cleaning-adelaide-unley-park/,200,https://ydcleaning.com.au/services/window-cleaning-adelaide-unley-park/,False,1.77,
https://ydcleaning.com.au/services/window-cleaning-adelaide-unley/,200,https://ydcleaning.com.au/services/window-cleaning-adelaide-unley/,False,1.8,
https://ydcleaning.com.au/services/window-cleaning-adelaide-victor-harbor/,200,https://ydcleaning.com.au/services/window-cleaning-adelaide-victor-harbor/,False,1.9,
https://ydcleaning.com.au/services/window-cleaning-adelaide-vista/,200,https://ydcleaning.com.au/services/window-cleaning-adelaide-vista/,False,1.7,
https://ydcleaning.com.au/services/window-cleaning-adelaide-west-adelaide/,200,https://ydcleaning.com.au/services/window-cleaning-adelaide-west-adelaide/,False,1.6,
https://ydcleaning.com.au/services/window-cleaning-adelaide-west-beach/,200,https://ydcleaning.com.au/services/window-cleaning-adelaide-west-beach/,False,1.69,
https://ydcleaning.com.au/services/window-cleaning-adelaide/,200,https://ydcleaning.com.au/services/window-cleaning-adelaide/,False,1.6,
